id,state_id,city_key,name
1,1,001,AGUASCALIENTES
2,1,002,ASIENTOS
3,1,003,CALVILLO
4,1,004,COSÍO
5,1,005,JESÚS MARÍA
6,1,006,PABELLÓN DE ARTEAGA
7,1,007,RINCÓN DE ROMOS
8,1,008,SAN JOSÉ DE GRACIA
9,1,009,TEPEZALÁ
10,1,010,EL LLANO
11,1,011,SAN FRANCISCO DE LOS ROMO
12,2,001,ENSENADA
13,2,002,MEXICALI
14,2,003,TECATE
15,2,004,TIJUANA
16,2,005,PLAYAS DE ROSARITO
17,3,001,COMONDÚ
18,3,002,MULEGÉ
19,3,003,LA PAZ
20,3,008,LOS CABOS
21,3,009,LORETO
22,4,001,CALKINÍ
23,4,002,CAMPECHE
24,4,003,CARMEN
25,4,004,CHAMPOTÓN
26,4,005,HECELCHAKÁN
27,4,006,HOPELCHÉN
28,4,007,PALIZADA
29,4,008,TENABO
30,4,009,ESCÁRCEGA
31,4,010,CALAKMUL
32,4,011,CANDELARIA
33,5,001,ABASOLO
34,5,002,ACUÑA
35,5,003,ALLENDE
36,5,004,ARTEAGA
37,5,005,CANDELA
38,5,006,CASTAÑOS
39,5,007,CUATRO CIÉNEGAS
40,5,008,ESCOBEDO
41,5,009,FRANCISCO I. MADERO
42,5,010,FRONTERA
43,5,011,GENERAL CEPEDA
44,5,012,GUERRERO
45,5,013,HIDALGO
46,5,014,JIMÉNEZ
47,5,015,JUÁREZ
48,5,016,LAMADRID
49,5,017,MATAMOROS
50,5,018,MONCLOVA
51,5,019,MORELOS
52,5,020,MÚZQUIZ
53,5,021,NADADORES
54,5,022,NAVA
55,5,023,OCAMPO
56,5,024,PARRAS
57,5,025,PIEDRAS NEGRAS
58,5,026,PROGRESO
59,5,027,RAMOS ARIZPE
60,5,028,SABINAS
61,5,029,SACRAMENTO
62,5,030,SALTILLO
63,5,031,SAN BUENAVENTURA
64,5,032,SAN JUAN DE SABINAS
65,5,033,SAN PEDRO
66,5,034,SIERRA MOJADA
67,5,035,TORREÓN
68,5,036,VIESCA
69,5,037,VILLA UNIÓN
70,5,038,ZARAGOZA
71,6,001,ARMERÍA
72,6,002,COLIMA
73,6,003,COMALA
74,6,004,COQUIMATLÁN
75,6,005,CUAUHTÉMOC
76,6,006,IXTLAHUACÁN
77,6,007,MANZANILLO
78,6,008,MINATITLÁN
79,6,009,TECOMÁN
80,6,010,VILLA DE ÁLVAREZ
81,7,001,ACACOYAGUA
82,7,002,ACALA
83,7,003,ACAPETAHUA
84,7,004,ALTAMIRANO
85,7,005,AMATÁN
86,7,006,AMATENANGO DE LA FRONTERA
87,7,007,AMATENANGO DEL VALLE
88,7,008,ANGEL ALBINO CORZO
89,7,009,ARRIAGA
90,7,010,BEJUCAL DE OCAMPO
91,7,011,BELLA VISTA
92,7,012,BERRIOZÁBAL
93,7,013,BOCHIL
94,7,014,EL BOSQUE
95,7,015,CACAHOATÁN
96,7,016,CATAZAJÁ
97,7,017,CINTALAPA
98,7,018,COAPILLA
99,7,019,COMITÁN DE DOMÍNGUEZ
100,7,020,LA CONCORDIA
101,7,021,COPAINALÁ
102,7,022,CHALCHIHUITÁN
103,7,023,CHAMULA
104,7,024,CHANAL
105,7,025,CHAPULTENANGO
106,7,026,CHENALHÓ
107,7,027,CHIAPA DE CORZO
108,7,028,CHIAPILLA
109,7,029,CHICOASÉN
110,7,030,CHICOMUSELO
111,7,031,CHILÓN
112,7,032,ESCUINTLA
113,7,033,FRANCISCO LEÓN
114,7,034,FRONTERA COMALAPA
115,7,035,FRONTERA HIDALGO
116,7,036,LA GRANDEZA
117,7,037,HUEHUETÁN
118,7,038,HUIXTÁN
119,7,039,HUITIUPÁN
120,7,040,HUIXTLA
121,7,041,LA INDEPENDENCIA
122,7,042,IXHUATÁN
123,7,043,IXTACOMITÁN
124,7,044,IXTAPA
125,7,045,IXTAPANGAJOYA
126,7,046,JIQUIPILAS
127,7,047,JITOTOL
128,7,048,JUÁREZ
129,7,049,LARRÁINZAR
130,7,050,LA LIBERTAD
131,7,051,MAPASTEPEC
132,7,052,LAS MARGARITAS
133,7,053,MAZAPA DE MADERO
134,7,054,MAZATÁN
135,7,055,METAPA
136,7,056,MITONTIC
137,7,057,MOTOZINTLA
138,7,058,NICOLÁS RUÍZ
139,7,059,OCOSINGO
140,7,060,OCOTEPEC
141,7,061,OCOZOCOAUTLA DE ESPINOSA
142,7,062,OSTUACÁN
143,7,063,OSUMACINTA
144,7,064,OXCHUC
145,7,065,PALENQUE
146,7,066,PANTELHÓ
147,7,067,PANTEPEC
148,7,068,PICHUCALCO
149,7,069,PIJIJIAPAN
150,7,070,EL PORVENIR
151,7,071,VILLA COMALTITLÁN
152,7,072,PUEBLO NUEVO SOLISTAHUACÁN
153,7,073,RAYÓN
154,7,074,REFORMA
155,7,075,LAS ROSAS
156,7,076,SABANILLA
157,7,077,SALTO DE AGUA
158,7,078,SAN CRISTÓBAL DE LAS CASAS
159,7,079,SAN FERNANDO
160,7,080,SILTEPEC
161,7,081,SIMOJOVEL
162,7,082,SITALÁ
163,7,083,SOCOLTENANGO
164,7,084,SOLOSUCHIAPA
165,7,085,SOYALÓ
166,7,086,SUCHIAPA
167,7,087,SUCHIATE
168,7,088,SUNUAPA
169,7,089,TAPACHULA
170,7,090,TAPALAPA
171,7,091,TAPILULA
172,7,092,TECPATÁN
173,7,093,TENEJAPA
174,7,094,TEOPISCA
175,7,096,TILA
176,7,097,TONALÁ
177,7,098,TOTOLAPA
178,7,099,LA TRINITARIA
179,7,100,TUMBALÁ
180,7,101,TUXTLA GUTIÉRREZ
181,7,102,TUXTLA CHICO
182,7,103,TUZANTÁN
183,7,104,TZIMOL
184,7,105,UNIÓN JUÁREZ
185,7,106,VENUSTIANO CARRANZA
186,7,107,VILLA CORZO
187,7,108,VILLAFLORES
188,7,109,YAJALÓN
189,7,110,SAN LUCAS
190,7,111,ZINACANTÁN
191,7,112,SAN JUAN CANCUC
192,7,113,ALDAMA
193,7,114,BENEMÉRITO DE LAS AMÉRICAS
194,7,115,MARAVILLA TENEJAPA
195,7,116,MARQUÉS DE COMILLAS
196,7,117,MONTECRISTO DE GUERRERO
197,7,118,SAN ANDRÉS DURAZNAL
198,7,119,SANTIAGO EL PINAR
199,7,120,CAPITÁN LUIS ÁNGEL VIDAL
200,7,121,RINCÓN CHAMULA SAN PEDRO
201,7,122,EL PARRAL
202,7,123,EMILIANO ZAPATA
203,7,124,MEZCALAPA
204,8,001,AHUMADA
205,8,002,ALDAMA
206,8,003,ALLENDE
207,8,004,AQUILES SERDÁN
208,8,005,ASCENSIÓN
209,8,006,BACHÍNIVA
210,8,007,BALLEZA
211,8,008,BATOPILAS DE MANUEL GÓMEZ MORÍN
212,8,009,BOCOYNA
213,8,010,BUENAVENTURA
214,8,011,CAMARGO
215,8,012,CARICHÍ
216,8,013,CASAS GRANDES
217,8,014,CORONADO
218,8,015,COYAME DEL SOTOL
219,8,016,LA CRUZ
220,8,017,CUAUHTÉMOC
221,8,018,CUSIHUIRIACHI
222,8,019,CHIHUAHUA
223,8,020,CHÍNIPAS
224,8,021,DELICIAS
225,8,022,DR. BELISARIO DOMÍNGUEZ
226,8,023,GALEANA
227,8,024,SANTA ISABEL
228,8,025,GÓMEZ FARÍAS
229,8,026,GRAN MORELOS
230,8,027,GUACHOCHI
231,8,028,GUADALUPE
232,8,029,GUADALUPE Y CALVO
233,8,030,GUAZAPARES
234,8,031,GUERRERO
235,8,032,HIDALGO DEL PARRAL
236,8,033,HUEJOTITÁN
237,8,034,IGNACIO ZARAGOZA
238,8,035,JANOS
239,8,036,JIMÉNEZ
240,8,037,JUÁREZ
241,8,038,JULIMES
242,8,039,LÓPEZ
243,8,040,MADERA
244,8,041,MAGUARICHI
245,8,042,MANUEL BENAVIDES
246,8,043,MATACHÍ
247,8,044,MATAMOROS
248,8,045,MEOQUI
249,8,046,MORELOS
250,8,047,MORIS
251,8,048,NAMIQUIPA
252,8,049,NONOAVA
253,8,050,NUEVO CASAS GRANDES
254,8,051,OCAMPO
255,8,052,OJINAGA
256,8,053,PRAXEDIS G. GUERRERO
257,8,054,RIVA PALACIO
258,8,055,ROSALES
259,8,056,ROSARIO
260,8,057,SAN FRANCISCO DE BORJA
261,8,058,SAN FRANCISCO DE CONCHOS
262,8,059,SAN FRANCISCO DEL ORO
263,8,060,SANTA BÁRBARA
264,8,061,SATEVÓ
265,8,062,SAUCILLO
266,8,063,TEMÓSACHIC
267,8,064,EL TULE
268,8,065,URIQUE
269,8,066,URUACHI
270,8,067,VALLE DE ZARAGOZA
271,9,002,AZCAPOTZALCO
272,9,003,COYOACÁN
273,9,004,CUAJIMALPA DE MORELOS
274,9,005,GUSTAVO A. MADERO
275,9,006,IZTACALCO
276,9,007,IZTAPALAPA
277,9,008,LA MAGDALENA CONTRERAS
278,9,009,MILPA ALTA
279,9,010,ÁLVARO OBREGÓN
280,9,011,TLÁHUAC
281,9,012,TLALPAN
282,9,013,XOCHIMILCO
283,9,014,BENITO JUÁREZ
284,9,015,CUAUHTÉMOC
285,9,016,MIGUEL HIDALGO
286,9,017,VENUSTIANO CARRANZA
287,10,001,CANATLÁN
288,10,002,CANELAS
289,10,003,CONETO DE COMONFORT
290,10,004,CUENCAMÉ
291,10,005,DURANGO
292,10,006,GENERAL SIMÓN BOLÍVAR
293,10,007,GÓMEZ PALACIO
294,10,008,GUADALUPE VICTORIA
295,10,009,GUANACEVÍ
296,10,010,HIDALGO
297,10,011,INDÉ
298,10,012,LERDO
299,10,013,MAPIMÍ
300,10,014,MEZQUITAL
301,10,015,NAZAS
302,10,016,NOMBRE DE DIOS
303,10,017,OCAMPO
304,10,018,EL ORO
305,10,019,OTÁEZ
306,10,020,PÁNUCO DE CORONADO
307,10,021,PEÑÓN BLANCO
308,10,022,POANAS
309,10,023,PUEBLO NUEVO
310,10,024,RODEO
311,10,025,SAN BERNARDO
312,10,026,SAN DIMAS
313,10,027,SAN JUAN DE GUADALUPE
314,10,028,SAN JUAN DEL RÍO
315,10,029,SAN LUIS DEL CORDERO
316,10,030,SAN PEDRO DEL GALLO
317,10,031,SANTA CLARA
318,10,032,SANTIAGO PAPASQUIARO
319,10,033,SÚCHIL
320,10,034,TAMAZULA
321,10,035,TEPEHUANES
322,10,036,TLAHUALILO
323,10,037,TOPIA
324,10,038,VICENTE GUERRERO
325,10,039,NUEVO IDEAL
326,11,001,ABASOLO
327,11,002,ACÁMBARO
328,11,003,SAN MIGUEL DE ALLENDE
329,11,004,APASEO EL ALTO
330,11,005,APASEO EL GRANDE
331,11,006,ATARJEA
332,11,007,CELAYA
333,11,008,MANUEL DOBLADO
334,11,009,COMONFORT
335,11,010,CORONEO
336,11,011,CORTAZAR
337,11,012,CUERÁMARO
338,11,013,DOCTOR MORA
339,11,014,DOLORES HIDALGO CUNA DE LA INDEPENDENCIA NACIONAL
340,11,015,GUANAJUATO
341,11,016,HUANÍMARO
342,11,017,IRAPUATO
343,11,018,JARAL DEL PROGRESO
344,11,019,JERÉCUARO
345,11,020,LEÓN
346,11,021,MOROLEÓN
347,11,022,OCAMPO
348,11,023,PÉNJAMO
349,11,024,PUEBLO NUEVO
350,11,025,PURÍSIMA DEL RINCÓN
351,11,026,ROMITA
352,11,027,SALAMANCA
353,11,028,SALVATIERRA
354,11,029,SAN DIEGO DE LA UNIÓN
355,11,030,SAN FELIPE
356,11,031,SAN FRANCISCO DEL RINCÓN
357,11,032,SAN JOSÉ ITURBIDE
358,11,033,SAN LUIS DE LA PAZ
359,11,034,SANTA CATARINA
360,11,035,SANTA CRUZ DE JUVENTINO ROSAS
361,11,036,SANTIAGO MARAVATÍO
362,11,037,SILAO DE LA VICTORIA
363,11,038,TARANDACUAO
364,11,039,TARIMORO
365,11,040,TIERRA BLANCA
366,11,041,URIANGATO
367,11,042,VALLE DE SANTIAGO
368,11,043,VICTORIA
369,11,044,VILLAGRÁN
370,11,045,XICHÚ
371,11,046,YURIRIA
372,12,001,ACAPULCO DE JUÁREZ
373,12,002,AHUACUOTZINGO
374,12,003,AJUCHITLÁN DEL PROGRESO
375,12,004,ALCOZAUCA DE GUERRERO
376,12,005,ALPOYECA
377,12,006,APAXTLA
378,12,007,ARCELIA
379,12,008,ATENANGO DEL RÍO
380,12,009,ATLAMAJALCINGO DEL MONTE
381,12,010,ATLIXTAC
382,12,011,ATOYAC DE ÁLVAREZ
383,12,012,AYUTLA DE LOS LIBRES
384,12,013,AZOYÚ
385,12,014,BENITO JUÁREZ
386,12,015,BUENAVISTA DE CUÉLLAR
387,12,016,COAHUAYUTLA DE JOSÉ MARÍA IZAZAGA
388,12,017,COCULA
389,12,018,COPALA
390,12,019,COPALILLO
391,12,020,COPANATOYAC
392,12,021,COYUCA DE BENÍTEZ
393,12,022,COYUCA DE CATALÁN
394,12,023,CUAJINICUILAPA
395,12,024,CUALÁC
396,12,025,CUAUTEPEC
397,12,026,CUETZALA DEL PROGRESO
398,12,027,CUTZAMALA DE PINZÓN
399,12,028,CHILAPA DE ÁLVAREZ
400,12,029,CHILPANCINGO DE LOS BRAVO
401,12,030,FLORENCIO VILLARREAL
402,12,031,GENERAL CANUTO A. NERI
403,12,032,GENERAL HELIODORO CASTILLO
404,12,033,HUAMUXTITLÁN
405,12,034,HUITZUCO DE LOS FIGUEROA
406,12,035,IGUALA DE LA INDEPENDENCIA
407,12,036,IGUALAPA
408,12,037,IXCATEOPAN DE CUAUHTÉMOC
409,12,038,ZIHUATANEJO DE AZUETA
410,12,039,JUAN R. ESCUDERO
411,12,040,LEONARDO BRAVO
412,12,041,MALINALTEPEC
413,12,042,MÁRTIR DE CUILAPAN
414,12,043,METLATÓNOC
415,12,044,MOCHITLÁN
416,12,045,OLINALÁ
417,12,046,OMETEPEC
418,12,047,PEDRO ASCENCIO ALQUISIRAS
419,12,048,PETATLÁN
420,12,049,PILCAYA
421,12,050,PUNGARABATO
422,12,051,QUECHULTENANGO
423,12,052,SAN LUIS ACATLÁN
424,12,053,SAN MARCOS
425,12,054,SAN MIGUEL TOTOLAPAN
426,12,055,TAXCO DE ALARCÓN
427,12,056,TECOANAPA
428,12,057,TÉCPAN DE GALEANA
429,12,058,TELOLOAPAN
430,12,059,TEPECOACUILCO DE TRUJANO
431,12,060,TETIPAC
432,12,061,TIXTLA DE GUERRERO
433,12,062,TLACOACHISTLAHUACA
434,12,063,TLACOAPA
435,12,064,TLALCHAPA
436,12,065,TLALIXTAQUILLA DE MALDONADO
437,12,066,TLAPA DE COMONFORT
438,12,067,TLAPEHUALA
439,12,068,LA UNIÓN DE ISIDORO MONTES DE OCA
440,12,069,XALPATLÁHUAC
441,12,070,XOCHIHUEHUETLÁN
442,12,071,XOCHISTLAHUACA
443,12,072,ZAPOTITLÁN TABLAS
444,12,073,ZIRÁNDARO
445,12,074,ZITLALA
446,12,075,EDUARDO NERI
447,12,076,ACATEPEC
448,12,077,MARQUELIA
449,12,078,COCHOAPA EL GRANDE
450,12,079,JOSÉ JOAQUÍN DE HERRERA
451,12,080,JUCHITÁN
452,12,081,ILIATENCO
453,13,001,ACATLÁN
454,13,002,ACAXOCHITLÁN
455,13,003,ACTOPAN
456,13,004,AGUA BLANCA DE ITURBIDE
457,13,005,AJACUBA
458,13,006,ALFAJAYUCAN
459,13,007,ALMOLOYA
460,13,008,APAN
461,13,009,EL ARENAL
462,13,010,ATITALAQUIA
463,13,011,ATLAPEXCO
464,13,012,ATOTONILCO EL GRANDE
465,13,013,ATOTONILCO DE TULA
466,13,014,CALNALI
467,13,015,CARDONAL
468,13,016,CUAUTEPEC DE HINOJOSA
469,13,017,CHAPANTONGO
470,13,018,CHAPULHUACÁN
471,13,019,CHILCUAUTLA
472,13,020,ELOXOCHITLÁN
473,13,021,EMILIANO ZAPATA
474,13,022,EPAZOYUCAN
475,13,023,FRANCISCO I. MADERO
476,13,024,HUASCA DE OCAMPO
477,13,025,HUAUTLA
478,13,026,HUAZALINGO
479,13,027,HUEHUETLA
480,13,028,HUEJUTLA DE REYES
481,13,029,HUICHAPAN
482,13,030,IXMIQUILPAN
483,13,031,JACALA DE LEDEZMA
484,13,032,JALTOCÁN
485,13,033,JUÁREZ HIDALGO
486,13,034,LOLOTLA
487,13,035,METEPEC
488,13,036,SAN AGUSTÍN METZQUITITLÁN
489,13,037,METZTITLÁN
490,13,038,MINERAL DEL CHICO
491,13,039,MINERAL DEL MONTE
492,13,040,LA MISIÓN
493,13,041,MIXQUIAHUALA DE JUÁREZ
494,13,042,MOLANGO DE ESCAMILLA
495,13,043,NICOLÁS FLORES
496,13,044,NOPALA DE VILLAGRÁN
497,13,045,OMITLÁN DE JUÁREZ
498,13,046,SAN FELIPE ORIZATLÁN
499,13,047,PACULA
500,13,048,PACHUCA DE SOTO
501,13,049,PISAFLORES
502,13,050,PROGRESO DE OBREGÓN
503,13,051,MINERAL DE LA REFORMA
504,13,052,SAN AGUSTÍN TLAXIACA
505,13,053,SAN BARTOLO TUTOTEPEC
506,13,054,SAN SALVADOR
507,13,055,SANTIAGO DE ANAYA
508,13,056,SANTIAGO TULANTEPEC DE LUGO GUERRERO
509,13,057,SINGUILUCAN
510,13,058,TASQUILLO
511,13,059,TECOZAUTLA
512,13,060,TENANGO DE DORIA
513,13,061,TEPEAPULCO
514,13,062,TEPEHUACÁN DE GUERRERO
515,13,063,TEPEJI DEL RÍO DE OCAMPO
516,13,064,TEPETITLÁN
517,13,065,TETEPANGO
518,13,066,VILLA DE TEZONTEPEC
519,13,067,TEZONTEPEC DE ALDAMA
520,13,068,TIANGUISTENGO
521,13,069,TIZAYUCA
522,13,070,TLAHUELILPAN
523,13,071,TLAHUILTEPA
524,13,072,TLANALAPA
525,13,073,TLANCHINOL
526,13,074,TLAXCOAPAN
527,13,075,TOLCAYUCA
528,13,076,TULA DE ALLENDE
529,13,077,TULANCINGO DE BRAVO
530,13,078,XOCHIATIPAN
531,13,079,XOCHICOATLÁN
532,13,080,YAHUALICA
533,13,081,ZACUALTIPÁN DE ÁNGELES
534,13,082,ZAPOTLÁN DE JUÁREZ
535,13,083,ZEMPOALA
536,13,084,ZIMAPÁN
537,14,001,ACATIC
538,14,002,ACATLÁN DE JUÁREZ
539,14,003,AHUALULCO DE MERCADO
540,14,004,AMACUECA
541,14,005,AMATITÁN
542,14,006,AMECA
543,14,007,SAN JUANITO DE ESCOBEDO
544,14,008,ARANDAS
545,14,009,EL ARENAL
546,14,010,ATEMAJAC DE BRIZUELA
547,14,011,ATENGO
548,14,012,ATENGUILLO
549,14,013,ATOTONILCO EL ALTO
550,14,014,ATOYAC
551,14,015,AUTLÁN DE NAVARRO
552,14,016,AYOTLÁN
553,14,017,AYUTLA
554,14,018,LA BARCA
555,14,019,BOLAÑOS
556,14,020,CABO CORRIENTES
557,14,021,CASIMIRO CASTILLO
558,14,022,CIHUATLÁN
559,14,023,ZAPOTLÁN EL GRANDE
560,14,024,COCULA
561,14,025,COLOTLÁN
562,14,026,CONCEPCIÓN DE BUENOS AIRES
563,14,027,CUAUTITLÁN DE GARCÍA BARRAGÁN
564,14,028,CUAUTLA
565,14,029,CUQUÍO
566,14,030,CHAPALA
567,14,031,CHIMALTITÁN
568,14,032,CHIQUILISTLÁN
569,14,033,DEGOLLADO
570,14,034,EJUTLA
571,14,035,ENCARNACIÓN DE DÍAZ
572,14,036,ETZATLÁN
573,14,037,EL GRULLO
574,14,038,GUACHINANGO
575,14,039,GUADALAJARA
576,14,040,HOSTOTIPAQUILLO
577,14,041,HUEJÚCAR
578,14,042,HUEJUQUILLA EL ALTO
579,14,043,LA HUERTA
580,14,044,IXTLAHUACÁN DE LOS MEMBRILLOS
581,14,045,IXTLAHUACÁN DEL RÍO
582,14,046,JALOSTOTITLÁN
583,14,047,JAMAY
584,14,048,JESÚS MARÍA
585,14,049,JILOTLÁN DE LOS DOLORES
586,14,050,JOCOTEPEC
587,14,051,JUANACATLÁN
588,14,052,JUCHITLÁN
589,14,053,LAGOS DE MORENO
590,14,054,EL LIMÓN
591,14,055,MAGDALENA
592,14,056,SANTA MARÍA DEL ORO
593,14,057,LA MANZANILLA DE LA PAZ
594,14,058,MASCOTA
595,14,059,MAZAMITLA
596,14,060,MEXTICACÁN
597,14,061,MEZQUITIC
598,14,062,MIXTLÁN
599,14,063,OCOTLÁN
600,14,064,OJUELOS DE JALISCO
601,14,065,PIHUAMO
602,14,066,PONCITLÁN
603,14,067,PUERTO VALLARTA
604,14,068,VILLA PURIFICACIÓN
605,14,069,QUITUPAN
606,14,070,EL SALTO
607,14,071,SAN CRISTÓBAL DE LA BARRANCA
608,14,072,SAN DIEGO DE ALEJANDRÍA
609,14,073,SAN JUAN DE LOS LAGOS
610,14,074,SAN JULIÁN
611,14,075,SAN MARCOS
612,14,076,SAN MARTÍN DE BOLAÑOS
613,14,077,SAN MARTÍN HIDALGO
614,14,078,SAN MIGUEL EL ALTO
615,14,079,GÓMEZ FARÍAS
616,14,080,SAN SEBASTIÁN DEL OESTE
617,14,081,SANTA MARÍA DE LOS ÁNGELES
618,14,082,SAYULA
619,14,083,TALA
620,14,084,TALPA DE ALLENDE
621,14,085,TAMAZULA DE GORDIANO
622,14,086,TAPALPA
623,14,087,TECALITLÁN
624,14,088,TECOLOTLÁN
625,14,089,TECHALUTA DE MONTENEGRO
626,14,090,TENAMAXTLÁN
627,14,091,TEOCALTICHE
628,14,092,TEOCUITATLÁN DE CORONA
629,14,093,TEPATITLÁN DE MORELOS
630,14,094,TEQUILA
631,14,095,TEUCHITLÁN
632,14,096,TIZAPÁN EL ALTO
633,14,097,TLAJOMULCO DE ZÚÑIGA
634,14,098,SAN PEDRO TLAQUEPAQUE
635,14,099,TOLIMÁN
636,14,100,TOMATLÁN
637,14,101,TONALÁ
638,14,102,TONAYA
639,14,103,TONILA
640,14,104,TOTATICHE
641,14,105,TOTOTLÁN
642,14,106,TUXCACUESCO
643,14,107,TUXCUECA
644,14,108,TUXPAN
645,14,109,UNIÓN DE SAN ANTONIO
646,14,110,UNIÓN DE TULA
647,14,111,VALLE DE GUADALUPE
648,14,112,VALLE DE JUÁREZ
649,14,113,SAN GABRIEL
650,14,114,VILLA CORONA
651,14,115,VILLA GUERRERO
652,14,116,VILLA HIDALGO
653,14,117,CAÑADAS DE OBREGÓN
654,14,118,YAHUALICA DE GONZÁLEZ GALLO
655,14,119,ZACOALCO DE TORRES
656,14,120,ZAPOPAN
657,14,121,ZAPOTILTIC
658,14,122,ZAPOTITLÁN DE VADILLO
659,14,123,ZAPOTLÁN DEL REY
660,14,124,ZAPOTLANEJO
661,14,125,SAN IGNACIO CERRO GORDO
662,15,001,ACAMBAY DE RUÍZ CASTAÑEDA
663,15,002,ACOLMAN
664,15,003,ACULCO
665,15,004,ALMOLOYA DE ALQUISIRAS
666,15,005,ALMOLOYA DE JUÁREZ
667,15,006,ALMOLOYA DEL RÍO
668,15,007,AMANALCO
669,15,008,AMATEPEC
670,15,009,AMECAMECA
671,15,010,APAXCO
672,15,011,ATENCO
673,15,012,ATIZAPÁN
674,15,013,ATIZAPÁN DE ZARAGOZA
675,15,014,ATLACOMULCO
676,15,015,ATLAUTLA
677,15,016,AXAPUSCO
678,15,017,AYAPANGO
679,15,018,CALIMAYA
680,15,019,CAPULHUAC
681,15,020,COACALCO DE BERRIOZÁBAL
682,15,021,COATEPEC HARINAS
683,15,022,COCOTITLÁN
684,15,023,COYOTEPEC
685,15,024,CUAUTITLÁN
686,15,025,CHALCO
687,15,026,CHAPA DE MOTA
688,15,027,CHAPULTEPEC
689,15,028,CHIAUTLA
690,15,029,CHICOLOAPAN
691,15,030,CHICONCUAC
692,15,031,CHIMALHUACÁN
693,15,032,DONATO GUERRA
694,15,033,ECATEPEC DE MORELOS
695,15,034,ECATZINGO
696,15,035,HUEHUETOCA
697,15,036,HUEYPOXTLA
698,15,037,HUIXQUILUCAN
699,15,038,ISIDRO FABELA
700,15,039,IXTAPALUCA
701,15,040,IXTAPAN DE LA SAL
702,15,041,IXTAPAN DEL ORO
703,15,042,IXTLAHUACA
704,15,043,XALATLACO
705,15,044,JALTENCO
706,15,045,JILOTEPEC
707,15,046,JILOTZINGO
708,15,047,JIQUIPILCO
709,15,048,JOCOTITLÁN
710,15,049,JOQUICINGO
711,15,050,JUCHITEPEC
712,15,051,LERMA
713,15,052,MALINALCO
714,15,053,MELCHOR OCAMPO
715,15,054,METEPEC
716,15,055,MEXICALTZINGO
717,15,056,MORELOS
718,15,057,NAUCALPAN DE JUÁREZ
719,15,058,NEZAHUALCÓYOTL
720,15,059,NEXTLALPAN
721,15,060,NICOLÁS ROMERO
722,15,061,NOPALTEPEC
723,15,062,OCOYOACAC
724,15,063,OCUILAN
725,15,064,EL ORO
726,15,065,OTUMBA
727,15,066,OTZOLOAPAN
728,15,067,OTZOLOTEPEC
729,15,068,OZUMBA
730,15,069,PAPALOTLA
731,15,070,LA PAZ
732,15,071,POLOTITLÁN
733,15,072,RAYÓN
734,15,073,SAN ANTONIO LA ISLA
735,15,074,SAN FELIPE DEL PROGRESO
736,15,075,SAN MARTÍN DE LAS PIRÁMIDES
737,15,076,SAN MATEO ATENCO
738,15,077,SAN SIMÓN DE GUERRERO
739,15,078,SANTO TOMÁS
740,15,079,SOYANIQUILPAN DE JUÁREZ
741,15,080,SULTEPEC
742,15,081,TECÁMAC
743,15,082,TEJUPILCO
744,15,083,TEMAMATLA
745,15,084,TEMASCALAPA
746,15,085,TEMASCALCINGO
747,15,086,TEMASCALTEPEC
748,15,087,TEMOAYA
749,15,088,TENANCINGO
750,15,089,TENANGO DEL AIRE
751,15,090,TENANGO DEL VALLE
752,15,091,TEOLOYUCAN
753,15,092,TEOTIHUACÁN
754,15,093,TEPETLAOXTOC
755,15,094,TEPETLIXPA
756,15,095,TEPOTZOTLÁN
757,15,096,TEQUIXQUIAC
758,15,097,TEXCALTITLÁN
759,15,098,TEXCALYACAC
760,15,099,TEXCOCO
761,15,100,TEZOYUCA
762,15,101,TIANGUISTENCO
763,15,102,TIMILPAN
764,15,103,TLALMANALCO
765,15,104,TLALNEPANTLA DE BAZ
766,15,105,TLATLAYA
767,15,106,TOLUCA
768,15,107,TONATICO
769,15,108,TULTEPEC
770,15,109,TULTITLÁN
771,15,110,VALLE DE BRAVO
772,15,111,VILLA DE ALLENDE
773,15,112,VILLA DEL CARBÓN
774,15,113,VILLA GUERRERO
775,15,114,VILLA VICTORIA
776,15,115,XONACATLÁN
777,15,116,ZACAZONAPAN
778,15,117,ZACUALPAN
779,15,118,ZINACANTEPEC
780,15,119,ZUMPAHUACÁN
781,15,120,ZUMPANGO
782,15,121,CUAUTITLÁN IZCALLI
783,15,122,VALLE DE CHALCO SOLIDARIDAD
784,15,123,LUVIANOS
785,15,124,SAN JOSÉ DEL RINCÓN
786,15,125,TONANITLA
787,16,001,ACUITZIO
788,16,002,AGUILILLA
789,16,003,ÁLVARO OBREGÓN
790,16,004,ANGAMACUTIRO
791,16,005,ANGANGUEO
792,16,006,APATZINGÁN
793,16,007,APORO
794,16,008,AQUILA
795,16,009,ARIO
796,16,010,ARTEAGA
797,16,011,BRISEÑAS
798,16,012,BUENAVISTA
799,16,013,CARÁCUARO
800,16,014,COAHUAYANA
801,16,015,COALCOMÁN DE VÁZQUEZ PALLARES
802,16,016,COENEO
803,16,017,CONTEPEC
804,16,018,COPÁNDARO
805,16,019,COTIJA
806,16,020,CUITZEO
807,16,021,CHARAPAN
808,16,022,CHARO
809,16,023,CHAVINDA
810,16,024,CHERÁN
811,16,025,CHILCHOTA
812,16,026,CHINICUILA
813,16,027,CHUCÁNDIRO
814,16,028,CHURINTZIO
815,16,029,CHURUMUCO
816,16,030,ECUANDUREO
817,16,031,EPITACIO HUERTA
818,16,032,ERONGARÍCUARO
819,16,033,GABRIEL ZAMORA
820,16,034,HIDALGO
821,16,035,LA HUACANA
822,16,036,HUANDACAREO
823,16,037,HUANIQUEO
824,16,038,HUETAMO
825,16,039,HUIRAMBA
826,16,040,INDAPARAPEO
827,16,041,IRIMBO
828,16,042,IXTLÁN
829,16,043,JACONA
830,16,044,JIMÉNEZ
831,16,045,JIQUILPAN
832,16,046,JUÁREZ
833,16,047,JUNGAPEO
834,16,048,LAGUNILLAS
835,16,049,MADERO
836,16,050,MARAVATÍO
837,16,051,MARCOS CASTELLANOS
838,16,052,LÁZARO CÁRDENAS
839,16,053,MORELIA
840,16,054,MORELOS
841,16,055,MÚGICA
842,16,056,NAHUATZEN
843,16,057,NOCUPÉTARO
844,16,058,NUEVO PARANGARICUTIRO
845,16,059,NUEVO URECHO
846,16,060,NUMARÁN
847,16,061,OCAMPO
848,16,062,PAJACUARÁN
849,16,063,PANINDÍCUARO
850,16,064,PARÁCUARO
851,16,065,PARACHO
852,16,066,PÁTZCUARO
853,16,067,PENJAMILLO
854,16,068,PERIBÁN
855,16,069,LA PIEDAD
856,16,070,PURÉPERO
857,16,071,PURUÁNDIRO
858,16,072,QUERÉNDARO
859,16,073,QUIROGA
860,16,074,COJUMATLÁN DE RÉGULES
861,16,075,LOS REYES
862,16,076,SAHUAYO
863,16,077,SAN LUCAS
864,16,078,SANTA ANA MAYA
865,16,079,SALVADOR ESCALANTE
866,16,080,SENGUIO
867,16,081,SUSUPUATO
868,16,082,TACÁMBARO
869,16,083,TANCÍTARO
870,16,084,TANGAMANDAPIO
871,16,085,TANGANCÍCUARO
872,16,086,TANHUATO
873,16,087,TARETAN
874,16,088,TARÍMBARO
875,16,089,TEPALCATEPEC
876,16,090,TINGAMBATO
877,16,091,TINGÜINDÍN
878,16,092,TIQUICHEO DE NICOLÁS ROMERO
879,16,093,TLALPUJAHUA
880,16,094,TLAZAZALCA
881,16,095,TOCUMBO
882,16,096,TUMBISCATÍO
883,16,097,TURICATO
884,16,098,TUXPAN
885,16,099,TUZANTLA
886,16,100,TZINTZUNTZAN
887,16,101,TZITZIO
888,16,102,URUAPAN
889,16,103,VENUSTIANO CARRANZA
890,16,104,VILLAMAR
891,16,105,VISTA HERMOSA
892,16,106,YURÉCUARO
893,16,107,ZACAPU
894,16,108,ZAMORA
895,16,109,ZINÁPARO
896,16,110,ZINAPÉCUARO
897,16,111,ZIRACUARETIRO
898,16,112,ZITÁCUARO
899,16,113,JOSÉ SIXTO VERDUZCO
900,17,001,AMACUZAC
901,17,002,ATLATLAHUCAN
902,17,003,AXOCHIAPAN
903,17,004,AYALA
904,17,005,COATLÁN DEL RÍO
905,17,006,CUAUTLA
906,17,007,CUERNAVACA
907,17,008,EMILIANO ZAPATA
908,17,009,HUITZILAC
909,17,010,JANTETELCO
910,17,011,JIUTEPEC
911,17,012,JOJUTLA
912,17,013,JONACATEPEC DE LEANDRO VALLE
913,17,014,MAZATEPEC
914,17,015,MIACATLÁN
915,17,016,OCUITUCO
916,17,017,PUENTE DE IXTLA
917,17,018,TEMIXCO
918,17,019,TEPALCINGO
919,17,020,TEPOZTLÁN
920,17,021,TETECALA
921,17,022,TETELA DEL VOLCÁN
922,17,023,TLALNEPANTLA
923,17,024,TLALTIZAPÁN DE ZAPATA
924,17,025,TLAQUILTENANGO
925,17,026,TLAYACAPAN
926,17,027,TOTOLAPAN
927,17,028,XOCHITEPEC
928,17,029,YAUTEPEC
929,17,030,YECAPIXTLA
930,17,031,ZACATEPEC
931,17,032,ZACUALPAN DE AMILPAS
932,17,033,TEMOAC
933,17,034,COATETELCO
934,17,035,XOXOCOTLA
935,18,001,ACAPONETA
936,18,002,AHUACATLÁN
937,18,003,AMATLÁN DE CAÑAS
938,18,004,COMPOSTELA
939,18,005,HUAJICORI
940,18,006,IXTLÁN DEL RÍO
941,18,007,JALA
942,18,008,XALISCO
943,18,009,DEL NAYAR
944,18,010,ROSAMORADA
945,18,011,RUÍZ
946,18,012,SAN BLAS
947,18,013,SAN PEDRO LAGUNILLAS
948,18,014,SANTA MARÍA DEL ORO
949,18,015,SANTIAGO IXCUINTLA
950,18,016,TECUALA
951,18,017,TEPIC
952,18,018,TUXPAN
953,18,019,LA YESCA
954,18,020,BAHÍA DE BANDERAS
955,19,001,ABASOLO
956,19,002,AGUALEGUAS
957,19,003,LOS ALDAMAS
958,19,004,ALLENDE
959,19,005,ANÁHUAC
960,19,006,APODACA
961,19,007,ARAMBERRI
962,19,008,BUSTAMANTE
963,19,009,CADEREYTA JIMÉNEZ
964,19,010,EL CARMEN
965,19,011,CERRALVO
966,19,012,CIÉNEGA DE FLORES
967,19,013,CHINA
968,19,014,DOCTOR ARROYO
969,19,015,DOCTOR COSS
970,19,016,DOCTOR GONZÁLEZ
971,19,017,GALEANA
972,19,018,GARCÍA
973,19,019,SAN PEDRO GARZA GARCÍA
974,19,020,GENERAL BRAVO
975,19,021,GENERAL ESCOBEDO
976,19,022,GENERAL TERÁN
977,19,023,GENERAL TREVIÑO
978,19,024,GENERAL ZARAGOZA
979,19,025,GENERAL ZUAZUA
980,19,026,GUADALUPE
981,19,027,LOS HERRERAS
982,19,028,HIGUERAS
983,19,029,HUALAHUISES
984,19,030,ITURBIDE
985,19,031,JUÁREZ
986,19,032,LAMPAZOS DE NARANJO
987,19,033,LINARES
988,19,034,MARÍN
989,19,035,MELCHOR OCAMPO
990,19,036,MIER Y NORIEGA
991,19,037,MINA
992,19,038,MONTEMORELOS
993,19,039,MONTERREY
994,19,040,PARÁS
995,19,041,PESQUERÍA
996,19,042,LOS RAMONES
997,19,043,RAYONES
998,19,044,SABINAS HIDALGO
999,19,045,SALINAS VICTORIA
1000,19,046,SAN NICOLÁS DE LOS GARZA
1001,19,047,HIDALGO
1002,19,048,SANTA CATARINA
1003,19,049,SANTIAGO
1004,19,050,VALLECILLO
1005,19,051,VILLALDAMA
1006,20,001,ABEJONES
1007,20,002,ACATLÁN DE PÉREZ FIGUEROA
1008,20,003,ASUNCIÓN CACALOTEPEC
1009,20,004,ASUNCIÓN CUYOTEPEJI
1010,20,005,ASUNCIÓN IXTALTEPEC
1011,20,006,ASUNCIÓN NOCHIXTLÁN
1012,20,007,ASUNCIÓN OCOTLÁN
1013,20,008,ASUNCIÓN TLACOLULITA
1014,20,009,AYOTZINTEPEC
1015,20,010,EL BARRIO DE LA SOLEDAD
1016,20,011,CALIHUALÁ
1017,20,012,CANDELARIA LOXICHA
1018,20,013,CIÉNEGA DE ZIMATLÁN
1019,20,014,CIUDAD IXTEPEC
1020,20,015,COATECAS ALTAS
1021,20,016,COICOYÁN DE LAS FLORES
1022,20,017,LA COMPAÑÍA
1023,20,018,CONCEPCIÓN BUENAVISTA
1024,20,019,CONCEPCIÓN PÁPALO
1025,20,020,CONSTANCIA DEL ROSARIO
1026,20,021,COSOLAPA
1027,20,022,COSOLTEPEC
1028,20,023,CUILÁPAM DE GUERRERO
1029,20,024,CUYAMECALCO VILLA DE ZARAGOZA
1030,20,025,CHAHUITES
1031,20,026,CHALCATONGO DE HIDALGO
1032,20,027,CHIQUIHUITLÁN DE BENITO JUÁREZ
1033,20,028,HEROICA CIUDAD DE EJUTLA DE CRESPO
1034,20,029,ELOXOCHITLÁN DE FLORES MAGÓN
1035,20,030,EL ESPINAL
1036,20,031,TAMAZULÁPAM DEL ESPÍRITU SANTO
1037,20,032,FRESNILLO DE TRUJANO
1038,20,033,GUADALUPE ETLA
1039,20,034,GUADALUPE DE RAMÍREZ
1040,20,035,GUELATAO DE JUÁREZ
1041,20,036,GUEVEA DE HUMBOLDT
1042,20,037,MESONES HIDALGO
1043,20,038,VILLA HIDALGO
1044,20,039,HEROICA CIUDAD DE HUAJUAPAN DE LEÓN
1045,20,040,HUAUTEPEC
1046,20,041,HUAUTLA DE JIMÉNEZ
1047,20,042,IXTLÁN DE JUÁREZ
1048,20,043,JUCHITÁN DE ZARAGOZA
1049,20,044,LOMA BONITA
1050,20,045,MAGDALENA APASCO
1051,20,046,MAGDALENA JALTEPEC
1052,20,047,SANTA MAGDALENA JICOTLÁN
1053,20,048,MAGDALENA MIXTEPEC
1054,20,049,MAGDALENA OCOTLÁN
1055,20,050,MAGDALENA PEÑASCO
1056,20,051,MAGDALENA TEITIPAC
1057,20,052,MAGDALENA TEQUISISTLÁN
1058,20,053,MAGDALENA TLACOTEPEC
1059,20,054,MAGDALENA ZAHUATLÁN
1060,20,055,MARISCALA DE JUÁREZ
1061,20,056,MÁRTIRES DE TACUBAYA
1062,20,057,MATÍAS ROMERO AVENDAÑO
1063,20,058,MAZATLÁN VILLA DE FLORES
1064,20,059,MIAHUATLÁN DE PORFIRIO DÍAZ
1065,20,060,MIXISTLÁN DE LA REFORMA
1066,20,061,MONJAS
1067,20,062,NATIVIDAD
1068,20,063,NAZARENO ETLA
1069,20,064,NEJAPA DE MADERO
1070,20,065,IXPANTEPEC NIEVES
1071,20,066,SANTIAGO NILTEPEC
1072,20,067,OAXACA DE JUÁREZ
1073,20,068,OCOTLÁN DE MORELOS
1074,20,069,LA PE
1075,20,070,PINOTEPA DE DON LUIS
1076,20,071,PLUMA HIDALGO
1077,20,072,SAN JOSÉ DEL PROGRESO
1078,20,073,PUTLA VILLA DE GUERRERO
1079,20,074,SANTA CATARINA QUIOQUITANI
1080,20,075,REFORMA DE PINEDA
1081,20,076,LA REFORMA
1082,20,077,REYES ETLA
1083,20,078,ROJAS DE CUAUHTÉMOC
1084,20,079,SALINA CRUZ
1085,20,080,SAN AGUSTÍN AMATENGO
1086,20,081,SAN AGUSTÍN ATENANGO
1087,20,082,SAN AGUSTÍN CHAYUCO
1088,20,083,SAN AGUSTÍN DE LAS JUNTAS
1089,20,084,SAN AGUSTÍN ETLA
1090,20,085,SAN AGUSTÍN LOXICHA
1091,20,086,SAN AGUSTÍN TLACOTEPEC
1092,20,087,SAN AGUSTÍN YATARENI
1093,20,088,SAN ANDRÉS CABECERA NUEVA
1094,20,089,SAN ANDRÉS DINICUITI
1095,20,090,SAN ANDRÉS HUAXPALTEPEC
1096,20,091,SAN ANDRÉS HUAYÁPAM
1097,20,092,SAN ANDRÉS IXTLAHUACA
1098,20,093,SAN ANDRÉS LAGUNAS
1099,20,094,SAN ANDRÉS NUXIÑO
1100,20,095,SAN ANDRÉS PAXTLÁN
1101,20,096,SAN ANDRÉS SINAXTLA
1102,20,097,SAN ANDRÉS SOLAGA
1103,20,098,SAN ANDRÉS TEOTILÁLPAM
1104,20,099,SAN ANDRÉS TEPETLAPA
1105,20,100,SAN ANDRÉS YAÁ
1106,20,101,SAN ANDRÉS ZABACHE
1107,20,102,SAN ANDRÉS ZAUTLA
1108,20,103,SAN ANTONINO CASTILLO VELASCO
1109,20,104,SAN ANTONINO EL ALTO
1110,20,105,SAN ANTONINO MONTE VERDE
1111,20,106,SAN ANTONIO ACUTLA
1112,20,107,SAN ANTONIO DE LA CAL
1113,20,108,SAN ANTONIO HUITEPEC
1114,20,109,SAN ANTONIO NANAHUATÍPAM
1115,20,110,SAN ANTONIO SINICAHUA
1116,20,111,SAN ANTONIO TEPETLAPA
1117,20,112,SAN BALTAZAR CHICHICÁPAM
1118,20,113,SAN BALTAZAR LOXICHA
1119,20,114,SAN BALTAZAR YATZACHI EL BAJO
1120,20,115,SAN BARTOLO COYOTEPEC
1121,20,116,SAN BARTOLOMÉ AYAUTLA
1122,20,117,SAN BARTOLOMÉ LOXICHA
1123,20,118,SAN BARTOLOMÉ QUIALANA
1124,20,119,SAN BARTOLOMÉ YUCUAÑE
1125,20,120,SAN BARTOLOMÉ ZOOGOCHO
1126,20,121,SAN BARTOLO SOYALTEPEC
1127,20,122,SAN BARTOLO YAUTEPEC
1128,20,123,SAN BERNARDO MIXTEPEC
1129,20,124,SAN BLAS ATEMPA
1130,20,125,SAN CARLOS YAUTEPEC
1131,20,126,SAN CRISTÓBAL AMATLÁN
1132,20,127,SAN CRISTÓBAL AMOLTEPEC
1133,20,128,SAN CRISTÓBAL LACHIRIOAG
1134,20,129,SAN CRISTÓBAL SUCHIXTLAHUACA
1135,20,130,SAN DIONISIO DEL MAR
1136,20,131,SAN DIONISIO OCOTEPEC
1137,20,132,SAN DIONISIO OCOTLÁN
1138,20,133,SAN ESTEBAN ATATLAHUCA
1139,20,134,SAN FELIPE JALAPA DE DÍAZ
1140,20,135,SAN FELIPE TEJALÁPAM
1141,20,136,SAN FELIPE USILA
1142,20,137,SAN FRANCISCO CAHUACUÁ
1143,20,138,SAN FRANCISCO CAJONOS
1144,20,139,SAN FRANCISCO CHAPULAPA
1145,20,140,SAN FRANCISCO CHINDÚA
1146,20,141,SAN FRANCISCO DEL MAR
1147,20,142,SAN FRANCISCO HUEHUETLÁN
1148,20,143,SAN FRANCISCO IXHUATÁN
1149,20,144,SAN FRANCISCO JALTEPETONGO
1150,20,145,SAN FRANCISCO LACHIGOLÓ
1151,20,146,SAN FRANCISCO LOGUECHE
1152,20,147,SAN FRANCISCO NUXAÑO
1153,20,148,SAN FRANCISCO OZOLOTEPEC
1154,20,149,SAN FRANCISCO SOLA
1155,20,150,SAN FRANCISCO TELIXTLAHUACA
1156,20,151,SAN FRANCISCO TEOPAN
1157,20,152,SAN FRANCISCO TLAPANCINGO
1158,20,153,SAN GABRIEL MIXTEPEC
1159,20,154,SAN ILDEFONSO AMATLÁN
1160,20,155,SAN ILDEFONSO SOLA
1161,20,156,SAN ILDEFONSO VILLA ALTA
1162,20,157,SAN JACINTO AMILPAS
1163,20,158,SAN JACINTO TLACOTEPEC
1164,20,159,SAN JERÓNIMO COATLÁN
1165,20,160,SAN JERÓNIMO SILACAYOAPILLA
1166,20,161,SAN JERÓNIMO SOSOLA
1167,20,162,SAN JERÓNIMO TAVICHE
1168,20,163,SAN JERÓNIMO TECÓATL
1169,20,164,SAN JORGE NUCHITA
1170,20,165,SAN JOSÉ AYUQUILA
1171,20,166,SAN JOSÉ CHILTEPEC
1172,20,167,SAN JOSÉ DEL PEÑASCO
1173,20,168,SAN JOSÉ ESTANCIA GRANDE
1174,20,169,SAN JOSÉ INDEPENDENCIA
1175,20,170,SAN JOSÉ LACHIGUIRI
1176,20,171,SAN JOSÉ TENANGO
1177,20,172,SAN JUAN ACHIUTLA
1178,20,173,SAN JUAN ATEPEC
1179,20,174,ÁNIMAS TRUJANO
1180,20,175,SAN JUAN BAUTISTA ATATLAHUCA
1181,20,176,SAN JUAN BAUTISTA COIXTLAHUACA
1182,20,177,SAN JUAN BAUTISTA CUICATLÁN
1183,20,178,SAN JUAN BAUTISTA GUELACHE
1184,20,179,SAN JUAN BAUTISTA JAYACATLÁN
1185,20,180,SAN JUAN BAUTISTA LO DE SOTO
1186,20,181,SAN JUAN BAUTISTA SUCHITEPEC
1187,20,182,SAN JUAN BAUTISTA TLACOATZINTEPEC
1188,20,183,SAN JUAN BAUTISTA TLACHICHILCO
1189,20,184,SAN JUAN BAUTISTA TUXTEPEC
1190,20,185,SAN JUAN CACAHUATEPEC
1191,20,186,SAN JUAN CIENEGUILLA
1192,20,187,SAN JUAN COATZÓSPAM
1193,20,188,SAN JUAN COLORADO
1194,20,189,SAN JUAN COMALTEPEC
1195,20,190,SAN JUAN COTZOCÓN
1196,20,191,SAN JUAN CHICOMEZÚCHIL
1197,20,192,SAN JUAN CHILATECA
1198,20,193,SAN JUAN DEL ESTADO
1199,20,194,SAN JUAN DEL RÍO
1200,20,195,SAN JUAN DIUXI
1201,20,196,SAN JUAN EVANGELISTA ANALCO
1202,20,197,SAN JUAN GUELAVÍA
1203,20,198,SAN JUAN GUICHICOVI
1204,20,199,SAN JUAN IHUALTEPEC
1205,20,200,SAN JUAN JUQUILA MIXES
1206,20,201,SAN JUAN JUQUILA VIJANOS
1207,20,202,SAN JUAN LACHAO
1208,20,203,SAN JUAN LACHIGALLA
1209,20,204,SAN JUAN LAJARCIA
1210,20,205,SAN JUAN LALANA
1211,20,206,SAN JUAN DE LOS CUÉS
1212,20,207,SAN JUAN MAZATLÁN
1213,20,208,SAN JUAN MIXTEPEC
1214,20,209,SAN JUAN MIXTEPEC
1215,20,210,SAN JUAN ÑUMÍ
1216,20,211,SAN JUAN OZOLOTEPEC
1217,20,212,SAN JUAN PETLAPA
1218,20,213,SAN JUAN QUIAHIJE
1219,20,214,SAN JUAN QUIOTEPEC
1220,20,215,SAN JUAN SAYULTEPEC
1221,20,216,SAN JUAN TABAÁ
1222,20,217,SAN JUAN TAMAZOLA
1223,20,218,SAN JUAN TEITA
1224,20,219,SAN JUAN TEITIPAC
1225,20,220,SAN JUAN TEPEUXILA
1226,20,221,SAN JUAN TEPOSCOLULA
1227,20,222,SAN JUAN YAEÉ
1228,20,223,SAN JUAN YATZONA
1229,20,224,SAN JUAN YUCUITA
1230,20,225,SAN LORENZO
1231,20,226,SAN LORENZO ALBARRADAS
1232,20,227,SAN LORENZO CACAOTEPEC
1233,20,228,SAN LORENZO CUAUNECUILTITLA
1234,20,229,SAN LORENZO TEXMELÚCAN
1235,20,230,SAN LORENZO VICTORIA
1236,20,231,SAN LUCAS CAMOTLÁN
1237,20,232,SAN LUCAS OJITLÁN
1238,20,233,SAN LUCAS QUIAVINÍ
1239,20,234,SAN LUCAS ZOQUIÁPAM
1240,20,235,SAN LUIS AMATLÁN
1241,20,236,SAN MARCIAL OZOLOTEPEC
1242,20,237,SAN MARCOS ARTEAGA
1243,20,238,SAN MARTÍN DE LOS CANSECOS
1244,20,239,SAN MARTÍN HUAMELÚLPAM
1245,20,240,SAN MARTÍN ITUNYOSO
1246,20,241,SAN MARTÍN LACHILÁ
1247,20,242,SAN MARTÍN PERAS
1248,20,243,SAN MARTÍN TILCAJETE
1249,20,244,SAN MARTÍN TOXPALAN
1250,20,245,SAN MARTÍN ZACATEPEC
1251,20,246,SAN MATEO CAJONOS
1252,20,247,CAPULÁLPAM DE MÉNDEZ
1253,20,248,SAN MATEO DEL MAR
1254,20,249,SAN MATEO YOLOXOCHITLÁN
1255,20,250,SAN MATEO ETLATONGO
1256,20,251,SAN MATEO NEJÁPAM
1257,20,252,SAN MATEO PEÑASCO
1258,20,253,SAN MATEO PIÑAS
1259,20,254,SAN MATEO RÍO HONDO
1260,20,255,SAN MATEO SINDIHUI
1261,20,256,SAN MATEO TLAPILTEPEC
1262,20,257,SAN MELCHOR BETAZA
1263,20,258,SAN MIGUEL ACHIUTLA
1264,20,259,SAN MIGUEL AHUEHUETITLÁN
1265,20,260,SAN MIGUEL ALOÁPAM
1266,20,261,SAN MIGUEL AMATITLÁN
1267,20,262,SAN MIGUEL AMATLÁN
1268,20,263,SAN MIGUEL COATLÁN
1269,20,264,SAN MIGUEL CHICAHUA
1270,20,265,SAN MIGUEL CHIMALAPA
1271,20,266,SAN MIGUEL DEL PUERTO
1272,20,267,SAN MIGUEL DEL RÍO
1273,20,268,SAN MIGUEL EJUTLA
1274,20,269,SAN MIGUEL EL GRANDE
1275,20,270,SAN MIGUEL HUAUTLA
1276,20,271,SAN MIGUEL MIXTEPEC
1277,20,272,SAN MIGUEL PANIXTLAHUACA
1278,20,273,SAN MIGUEL PERAS
1279,20,274,SAN MIGUEL PIEDRAS
1280,20,275,SAN MIGUEL QUETZALTEPEC
1281,20,276,SAN MIGUEL SANTA FLOR
1282,20,277,VILLA SOLA DE VEGA
1283,20,278,SAN MIGUEL SOYALTEPEC
1284,20,279,SAN MIGUEL SUCHIXTEPEC
1285,20,280,VILLA TALEA DE CASTRO
1286,20,281,SAN MIGUEL TECOMATLÁN
1287,20,282,SAN MIGUEL TENANGO
1288,20,283,SAN MIGUEL TEQUIXTEPEC
1289,20,284,SAN MIGUEL TILQUIÁPAM
1290,20,285,SAN MIGUEL TLACAMAMA
1291,20,286,SAN MIGUEL TLACOTEPEC
1292,20,287,SAN MIGUEL TULANCINGO
1293,20,288,SAN MIGUEL YOTAO
1294,20,289,SAN NICOLÁS
1295,20,290,SAN NICOLÁS HIDALGO
1296,20,291,SAN PABLO COATLÁN
1297,20,292,SAN PABLO CUATRO VENADOS
1298,20,293,SAN PABLO ETLA
1299,20,294,SAN PABLO HUITZO
1300,20,295,SAN PABLO HUIXTEPEC
1301,20,296,SAN PABLO MACUILTIANGUIS
1302,20,297,SAN PABLO TIJALTEPEC
1303,20,298,SAN PABLO VILLA DE MITLA
1304,20,299,SAN PABLO YAGANIZA
1305,20,300,SAN PEDRO AMUZGOS
1306,20,301,SAN PEDRO APÓSTOL
1307,20,302,SAN PEDRO ATOYAC
1308,20,303,SAN PEDRO CAJONOS
1309,20,304,SAN PEDRO COXCALTEPEC CÁNTAROS
1310,20,305,SAN PEDRO COMITANCILLO
1311,20,306,SAN PEDRO EL ALTO
1312,20,307,SAN PEDRO HUAMELULA
1313,20,308,SAN PEDRO HUILOTEPEC
1314,20,309,SAN PEDRO IXCATLÁN
1315,20,310,SAN PEDRO IXTLAHUACA
1316,20,311,SAN PEDRO JALTEPETONGO
1317,20,312,SAN PEDRO JICAYÁN
1318,20,313,SAN PEDRO JOCOTIPAC
1319,20,314,SAN PEDRO JUCHATENGO
1320,20,315,SAN PEDRO MÁRTIR
1321,20,316,SAN PEDRO MÁRTIR QUIECHAPA
1322,20,317,SAN PEDRO MÁRTIR YUCUXACO
1323,20,318,SAN PEDRO MIXTEPEC
1324,20,319,SAN PEDRO MIXTEPEC
1325,20,320,SAN PEDRO MOLINOS
1326,20,321,SAN PEDRO NOPALA
1327,20,322,SAN PEDRO OCOPETATILLO
1328,20,323,SAN PEDRO OCOTEPEC
1329,20,324,SAN PEDRO POCHUTLA
1330,20,325,SAN PEDRO QUIATONI
1331,20,326,SAN PEDRO SOCHIÁPAM
1332,20,327,SAN PEDRO TAPANATEPEC
1333,20,328,SAN PEDRO TAVICHE
1334,20,329,SAN PEDRO TEOZACOALCO
1335,20,330,SAN PEDRO TEUTILA
1336,20,331,SAN PEDRO TIDAÁ
1337,20,332,SAN PEDRO TOPILTEPEC
1338,20,333,SAN PEDRO TOTOLÁPAM
1339,20,334,VILLA DE TUTUTEPEC
1340,20,335,SAN PEDRO YANERI
1341,20,336,SAN PEDRO YÓLOX
1342,20,337,SAN PEDRO Y SAN PABLO AYUTLA
1343,20,338,VILLA DE ETLA
1344,20,339,SAN PEDRO Y SAN PABLO TEPOSCOLULA
1345,20,340,SAN PEDRO Y SAN PABLO TEQUIXTEPEC
1346,20,341,SAN PEDRO YUCUNAMA
1347,20,342,SAN RAYMUNDO JALPAN
1348,20,343,SAN SEBASTIÁN ABASOLO
1349,20,344,SAN SEBASTIÁN COATLÁN
1350,20,345,SAN SEBASTIÁN IXCAPA
1351,20,346,SAN SEBASTIÁN NICANANDUTA
1352,20,347,SAN SEBASTIÁN RÍO HONDO
1353,20,348,SAN SEBASTIÁN TECOMAXTLAHUACA
1354,20,349,SAN SEBASTIÁN TEITIPAC
1355,20,350,SAN SEBASTIÁN TUTLA
1356,20,351,SAN SIMÓN ALMOLONGAS
1357,20,352,SAN SIMÓN ZAHUATLÁN
1358,20,353,SANTA ANA
1359,20,354,SANTA ANA ATEIXTLAHUACA
1360,20,355,SANTA ANA CUAUHTÉMOC
1361,20,356,SANTA ANA DEL VALLE
1362,20,357,SANTA ANA TAVELA
1363,20,358,SANTA ANA TLAPACOYAN
1364,20,359,SANTA ANA YARENI
1365,20,360,SANTA ANA ZEGACHE
1366,20,361,SANTA CATALINA QUIERÍ
1367,20,362,SANTA CATARINA CUIXTLA
1368,20,363,SANTA CATARINA IXTEPEJI
1369,20,364,SANTA CATARINA JUQUILA
1370,20,365,SANTA CATARINA LACHATAO
1371,20,366,SANTA CATARINA LOXICHA
1372,20,367,SANTA CATARINA MECHOACÁN
1373,20,368,SANTA CATARINA MINAS
1374,20,369,SANTA CATARINA QUIANÉ
1375,20,370,SANTA CATARINA TAYATA
1376,20,371,SANTA CATARINA TICUÁ
1377,20,372,SANTA CATARINA YOSONOTÚ
1378,20,373,SANTA CATARINA ZAPOQUILA
1379,20,374,SANTA CRUZ ACATEPEC
1380,20,375,SANTA CRUZ AMILPAS
1381,20,376,SANTA CRUZ DE BRAVO
1382,20,377,SANTA CRUZ ITUNDUJIA
1383,20,378,SANTA CRUZ MIXTEPEC
1384,20,379,SANTA CRUZ NUNDACO
1385,20,380,SANTA CRUZ PAPALUTLA
1386,20,381,SANTA CRUZ TACACHE DE MINA
1387,20,382,SANTA CRUZ TACAHUA
1388,20,383,SANTA CRUZ TAYATA
1389,20,384,SANTA CRUZ XITLA
1390,20,385,SANTA CRUZ XOXOCOTLÁN
1391,20,386,SANTA CRUZ ZENZONTEPEC
1392,20,387,SANTA GERTRUDIS
1393,20,388,SANTA INÉS DEL MONTE
1394,20,389,SANTA INÉS YATZECHE
1395,20,390,SANTA LUCÍA DEL CAMINO
1396,20,391,SANTA LUCÍA MIAHUATLÁN
1397,20,392,SANTA LUCÍA MONTEVERDE
1398,20,393,SANTA LUCÍA OCOTLÁN
1399,20,394,SANTA MARÍA ALOTEPEC
1400,20,395,SANTA MARÍA APAZCO
1401,20,396,SANTA MARÍA LA ASUNCIÓN
1402,20,397,HEROICA CIUDAD DE TLAXIACO
1403,20,398,AYOQUEZCO DE ALDAMA
1404,20,399,SANTA MARÍA ATZOMPA
1405,20,400,SANTA MARÍA CAMOTLÁN
1406,20,401,SANTA MARÍA COLOTEPEC
1407,20,402,SANTA MARÍA CORTIJO
1408,20,403,SANTA MARÍA COYOTEPEC
1409,20,404,SANTA MARÍA CHACHOÁPAM
1410,20,405,VILLA DE CHILAPA DE DÍAZ
1411,20,406,SANTA MARÍA CHILCHOTLA
1412,20,407,SANTA MARÍA CHIMALAPA
1413,20,408,SANTA MARÍA DEL ROSARIO
1414,20,409,SANTA MARÍA DEL TULE
1415,20,410,SANTA MARÍA ECATEPEC
1416,20,411,SANTA MARÍA GUELACÉ
1417,20,412,SANTA MARÍA GUIENAGATI
1418,20,413,SANTA MARÍA HUATULCO
1419,20,414,SANTA MARÍA HUAZOLOTITLÁN
1420,20,415,SANTA MARÍA IPALAPA
1421,20,416,SANTA MARÍA IXCATLÁN
1422,20,417,SANTA MARÍA JACATEPEC
1423,20,418,SANTA MARÍA JALAPA DEL MARQUÉS
1424,20,419,SANTA MARÍA JALTIANGUIS
1425,20,420,SANTA MARÍA LACHIXÍO
1426,20,421,SANTA MARÍA MIXTEQUILLA
1427,20,422,SANTA MARÍA NATIVITAS
1428,20,423,SANTA MARÍA NDUAYACO
1429,20,424,SANTA MARÍA OZOLOTEPEC
1430,20,425,SANTA MARÍA PÁPALO
1431,20,426,SANTA MARÍA PEÑOLES
1432,20,427,SANTA MARÍA PETAPA
1433,20,428,SANTA MARÍA QUIEGOLANI
1434,20,429,SANTA MARÍA SOLA
1435,20,430,SANTA MARÍA TATALTEPEC
1436,20,431,SANTA MARÍA TECOMAVACA
1437,20,432,SANTA MARÍA TEMAXCALAPA
1438,20,433,SANTA MARÍA TEMAXCALTEPEC
1439,20,434,SANTA MARÍA TEOPOXCO
1440,20,435,SANTA MARÍA TEPANTLALI
1441,20,436,SANTA MARÍA TEXCATITLÁN
1442,20,437,SANTA MARÍA TLAHUITOLTEPEC
1443,20,438,SANTA MARÍA TLALIXTAC
1444,20,439,SANTA MARÍA TONAMECA
1445,20,440,SANTA MARÍA TOTOLAPILLA
1446,20,441,SANTA MARÍA XADANI
1447,20,442,SANTA MARÍA YALINA
1448,20,443,SANTA MARÍA YAVESÍA
1449,20,444,SANTA MARÍA YOLOTEPEC
1450,20,445,SANTA MARÍA YOSOYÚA
1451,20,446,SANTA MARÍA YUCUHITI
1452,20,447,SANTA MARÍA ZACATEPEC
1453,20,448,SANTA MARÍA ZANIZA
1454,20,449,SANTA MARÍA ZOQUITLÁN
1455,20,450,SANTIAGO AMOLTEPEC
1456,20,451,SANTIAGO APOALA
1457,20,452,SANTIAGO APÓSTOL
1458,20,453,SANTIAGO ASTATA
1459,20,454,SANTIAGO ATITLÁN
1460,20,455,SANTIAGO AYUQUILILLA
1461,20,456,SANTIAGO CACALOXTEPEC
1462,20,457,SANTIAGO CAMOTLÁN
1463,20,458,SANTIAGO COMALTEPEC
1464,20,459,VILLA DE SANTIAGO CHAZUMBA
1465,20,460,SANTIAGO CHOÁPAM
1466,20,461,SANTIAGO DEL RÍO
1467,20,462,SANTIAGO HUAJOLOTITLÁN
1468,20,463,SANTIAGO HUAUCLILLA
1469,20,464,SANTIAGO IHUITLÁN PLUMAS
1470,20,465,SANTIAGO IXCUINTEPEC
1471,20,466,SANTIAGO IXTAYUTLA
1472,20,467,SANTIAGO JAMILTEPEC
1473,20,468,SANTIAGO JOCOTEPEC
1474,20,469,SANTIAGO JUXTLAHUACA
1475,20,470,SANTIAGO LACHIGUIRI
1476,20,471,SANTIAGO LALOPA
1477,20,472,SANTIAGO LAOLLAGA
1478,20,473,SANTIAGO LAXOPA
1479,20,474,SANTIAGO LLANO GRANDE
1480,20,475,SANTIAGO MATATLÁN
1481,20,476,SANTIAGO MILTEPEC
1482,20,477,SANTIAGO MINAS
1483,20,478,SANTIAGO NACALTEPEC
1484,20,479,SANTIAGO NEJAPILLA
1485,20,480,SANTIAGO NUNDICHE
1486,20,481,SANTIAGO NUYOÓ
1487,20,482,SANTIAGO PINOTEPA NACIONAL
1488,20,483,SANTIAGO SUCHILQUITONGO
1489,20,484,SANTIAGO TAMAZOLA
1490,20,485,SANTIAGO TAPEXTLA
1491,20,486,VILLA TEJÚPAM DE LA UNIÓN
1492,20,487,SANTIAGO TENANGO
1493,20,488,SANTIAGO TEPETLAPA
1494,20,489,SANTIAGO TETEPEC
1495,20,490,SANTIAGO TEXCALCINGO
1496,20,491,SANTIAGO TEXTITLÁN
1497,20,492,SANTIAGO TILANTONGO
1498,20,493,SANTIAGO TILLO
1499,20,494,SANTIAGO TLAZOYALTEPEC
1500,20,495,SANTIAGO XANICA
1501,20,496,SANTIAGO XIACUÍ
1502,20,497,SANTIAGO YAITEPEC
1503,20,498,SANTIAGO YAVEO
1504,20,499,SANTIAGO YOLOMÉCATL
1505,20,500,SANTIAGO YOSONDÚA
1506,20,501,SANTIAGO YUCUYACHI
1507,20,502,SANTIAGO ZACATEPEC
1508,20,503,SANTIAGO ZOOCHILA
1509,20,504,NUEVO ZOQUIÁPAM
1510,20,505,SANTO DOMINGO INGENIO
1511,20,506,SANTO DOMINGO ALBARRADAS
1512,20,507,SANTO DOMINGO ARMENTA
1513,20,508,SANTO DOMINGO CHIHUITÁN
1514,20,509,SANTO DOMINGO DE MORELOS
1515,20,510,SANTO DOMINGO IXCATLÁN
1516,20,511,SANTO DOMINGO NUXAÁ
1517,20,512,SANTO DOMINGO OZOLOTEPEC
1518,20,513,SANTO DOMINGO PETAPA
1519,20,514,SANTO DOMINGO ROAYAGA
1520,20,515,SANTO DOMINGO TEHUANTEPEC
1521,20,516,SANTO DOMINGO TEOJOMULCO
1522,20,517,SANTO DOMINGO TEPUXTEPEC
1523,20,518,SANTO DOMINGO TLATAYÁPAM
1524,20,519,SANTO DOMINGO TOMALTEPEC
1525,20,520,SANTO DOMINGO TONALÁ
1526,20,521,SANTO DOMINGO TONALTEPEC
1527,20,522,SANTO DOMINGO XAGACÍA
1528,20,523,SANTO DOMINGO YANHUITLÁN
1529,20,524,SANTO DOMINGO YODOHINO
1530,20,525,SANTO DOMINGO ZANATEPEC
1531,20,526,SANTOS REYES NOPALA
1532,20,527,SANTOS REYES PÁPALO
1533,20,528,SANTOS REYES TEPEJILLO
1534,20,529,SANTOS REYES YUCUNÁ
1535,20,530,SANTO TOMÁS JALIEZA
1536,20,531,SANTO TOMÁS MAZALTEPEC
1537,20,532,SANTO TOMÁS OCOTEPEC
1538,20,533,SANTO TOMÁS TAMAZULAPAN
1539,20,534,SAN VICENTE COATLÁN
1540,20,535,SAN VICENTE LACHIXÍO
1541,20,536,SAN VICENTE NUÑÚ
1542,20,537,SILACAYOÁPAM
1543,20,538,SITIO DE XITLAPEHUA
1544,20,539,SOLEDAD ETLA
1545,20,540,VILLA DE TAMAZULÁPAM DEL PROGRESO
1546,20,541,TANETZE DE ZARAGOZA
1547,20,542,TANICHE
1548,20,543,TATALTEPEC DE VALDÉS
1549,20,544,TEOCOCUILCO DE MARCOS PÉREZ
1550,20,545,TEOTITLÁN DE FLORES MAGÓN
1551,20,546,TEOTITLÁN DEL VALLE
1552,20,547,TEOTONGO
1553,20,548,TEPELMEME VILLA DE MORELOS
1554,20,549,"HEROICA VILLA TEZOATLÁN DE SEGURA Y LUNA, CUNA DE LA INDEPENDENCIA DE OAXACA"
1555,20,550,SAN JERÓNIMO TLACOCHAHUAYA
1556,20,551,TLACOLULA DE MATAMOROS
1557,20,552,TLACOTEPEC PLUMAS
1558,20,553,TLALIXTAC DE CABRERA
1559,20,554,TOTONTEPEC VILLA DE MORELOS
1560,20,555,TRINIDAD ZAACHILA
1561,20,556,LA TRINIDAD VISTA HERMOSA
1562,20,557,UNIÓN HIDALGO
1563,20,558,VALERIO TRUJANO
1564,20,559,SAN JUAN BAUTISTA VALLE NACIONAL
1565,20,560,VILLA DÍAZ ORDAZ
1566,20,561,YAXE
1567,20,562,MAGDALENA YODOCONO DE PORFIRIO DÍAZ
1568,20,563,YOGANA
1569,20,564,YUTANDUCHI DE GUERRERO
1570,20,565,VILLA DE ZAACHILA
1571,20,566,SAN MATEO YUCUTINDOO
1572,20,567,ZAPOTITLÁN LAGUNAS
1573,20,568,ZAPOTITLÁN PALMAS
1574,20,569,SANTA INÉS DE ZARAGOZA
1575,20,570,ZIMATLÁN DE ÁLVAREZ
1576,21,001,ACAJETE
1577,21,002,ACATENO
1578,21,003,ACATLÁN
1579,21,004,ACATZINGO
1580,21,005,ACTEOPAN
1581,21,006,AHUACATLÁN
1582,21,007,AHUATLÁN
1583,21,008,AHUAZOTEPEC
1584,21,009,AHUEHUETITLA
1585,21,010,AJALPAN
1586,21,011,ALBINO ZERTUCHE
1587,21,012,ALJOJUCA
1588,21,013,ALTEPEXI
1589,21,014,AMIXTLÁN
1590,21,015,AMOZOC
1591,21,016,AQUIXTLA
1592,21,017,ATEMPAN
1593,21,018,ATEXCAL
1594,21,019,ATLIXCO
1595,21,020,ATOYATEMPAN
1596,21,021,ATZALA
1597,21,022,ATZITZIHUACÁN
1598,21,023,ATZITZINTLA
1599,21,024,AXUTLA
1600,21,025,AYOTOXCO DE GUERRERO
1601,21,026,CALPAN
1602,21,027,CALTEPEC
1603,21,028,CAMOCUAUTLA
1604,21,029,CAXHUACAN
1605,21,030,COATEPEC
1606,21,031,COATZINGO
1607,21,032,COHETZALA
1608,21,033,COHUECAN
1609,21,034,CORONANGO
1610,21,035,COXCATLÁN
1611,21,036,COYOMEAPAN
1612,21,037,COYOTEPEC
1613,21,038,CUAPIAXTLA DE MADERO
1614,21,039,CUAUTEMPAN
1615,21,040,CUAUTINCHÁN
1616,21,041,CUAUTLANCINGO
1617,21,042,CUAYUCA DE ANDRADE
1618,21,043,CUETZALAN DEL PROGRESO
1619,21,044,CUYOACO
1620,21,045,CHALCHICOMULA DE SESMA
1621,21,046,CHAPULCO
1622,21,047,CHIAUTLA
1623,21,048,CHIAUTZINGO
1624,21,049,CHICONCUAUTLA
1625,21,050,CHICHIQUILA
1626,21,051,CHIETLA
1627,21,052,CHIGMECATITLÁN
1628,21,053,CHIGNAHUAPAN
1629,21,054,CHIGNAUTLA
1630,21,055,CHILA
1631,21,056,CHILA DE LA SAL
1632,21,057,HONEY
1633,21,058,CHILCHOTLA
1634,21,059,CHINANTLA
1635,21,060,DOMINGO ARENAS
1636,21,061,ELOXOCHITLÁN
1637,21,062,EPATLÁN
1638,21,063,ESPERANZA
1639,21,064,FRANCISCO Z. MENA
1640,21,065,GENERAL FELIPE ÁNGELES
1641,21,066,GUADALUPE
1642,21,067,GUADALUPE VICTORIA
1643,21,068,HERMENEGILDO GALEANA
1644,21,069,HUAQUECHULA
1645,21,070,HUATLATLAUCA
1646,21,071,HUAUCHINANGO
1647,21,072,HUEHUETLA
1648,21,073,HUEHUETLÁN EL CHICO
1649,21,074,HUEJOTZINGO
1650,21,075,HUEYAPAN
1651,21,076,HUEYTAMALCO
1652,21,077,HUEYTLALPAN
1653,21,078,HUITZILAN DE SERDÁN
1654,21,079,HUITZILTEPEC
1655,21,080,ATLEQUIZAYAN
1656,21,081,IXCAMILPA DE GUERRERO
1657,21,082,IXCAQUIXTLA
1658,21,083,IXTACAMAXTITLÁN
1659,21,084,IXTEPEC
1660,21,085,IZÚCAR DE MATAMOROS
1661,21,086,JALPAN
1662,21,087,JOLALPAN
1663,21,088,JONOTLA
1664,21,089,JOPALA
1665,21,090,JUAN C. BONILLA
1666,21,091,JUAN GALINDO
1667,21,092,JUAN N. MÉNDEZ
1668,21,093,LAFRAGUA
1669,21,094,LIBRES
1670,21,095,LA MAGDALENA TLATLAUQUITEPEC
1671,21,096,MAZAPILTEPEC DE JUÁREZ
1672,21,097,MIXTLA
1673,21,098,MOLCAXAC
1674,21,099,CAÑADA MORELOS
1675,21,100,NAUPAN
1676,21,101,NAUZONTLA
1677,21,102,NEALTICAN
1678,21,103,NICOLÁS BRAVO
1679,21,104,NOPALUCAN
1680,21,105,OCOTEPEC
1681,21,106,OCOYUCAN
1682,21,107,OLINTLA
1683,21,108,ORIENTAL
1684,21,109,PAHUATLÁN
1685,21,110,PALMAR DE BRAVO
1686,21,111,PANTEPEC
1687,21,112,PETLALCINGO
1688,21,113,PIAXTLA
1689,21,114,PUEBLA
1690,21,115,QUECHOLAC
1691,21,116,QUIMIXTLÁN
1692,21,117,RAFAEL LARA GRAJALES
1693,21,118,LOS REYES DE JUÁREZ
1694,21,119,SAN ANDRÉS CHOLULA
1695,21,120,SAN ANTONIO CAÑADA
1696,21,121,SAN DIEGO LA MESA TOCHIMILTZINGO
1697,21,122,SAN FELIPE TEOTLALCINGO
1698,21,123,SAN FELIPE TEPATLÁN
1699,21,124,SAN GABRIEL CHILAC
1700,21,125,SAN GREGORIO ATZOMPA
1701,21,126,SAN JERÓNIMO TECUANIPAN
1702,21,127,SAN JERÓNIMO XAYACATLÁN
1703,21,128,SAN JOSÉ CHIAPA
1704,21,129,SAN JOSÉ MIAHUATLÁN
1705,21,130,SAN JUAN ATENCO
1706,21,131,SAN JUAN ATZOMPA
1707,21,132,SAN MARTÍN TEXMELUCAN
1708,21,133,SAN MARTÍN TOTOLTEPEC
1709,21,134,SAN MATÍAS TLALANCALECA
1710,21,135,SAN MIGUEL IXITLÁN
1711,21,136,SAN MIGUEL XOXTLA
1712,21,137,SAN NICOLÁS BUENOS AIRES
1713,21,138,SAN NICOLÁS DE LOS RANCHOS
1714,21,139,SAN PABLO ANICANO
1715,21,140,SAN PEDRO CHOLULA
1716,21,141,SAN PEDRO YELOIXTLAHUACA
1717,21,142,SAN SALVADOR EL SECO
1718,21,143,SAN SALVADOR EL VERDE
1719,21,144,SAN SALVADOR HUIXCOLOTLA
1720,21,145,SAN SEBASTIÁN TLACOTEPEC
1721,21,146,SANTA CATARINA TLALTEMPAN
1722,21,147,SANTA INÉS AHUATEMPAN
1723,21,148,SANTA ISABEL CHOLULA
1724,21,149,SANTIAGO MIAHUATLÁN
1725,21,150,HUEHUETLÁN EL GRANDE
1726,21,151,SANTO TOMÁS HUEYOTLIPAN
1727,21,152,SOLTEPEC
1728,21,153,TECALI DE HERRERA
1729,21,154,TECAMACHALCO
1730,21,155,TECOMATLÁN
1731,21,156,TEHUACÁN
1732,21,157,TEHUITZINGO
1733,21,158,TENAMPULCO
1734,21,159,TEOPANTLÁN
1735,21,160,TEOTLALCO
1736,21,161,TEPANCO DE LÓPEZ
1737,21,162,TEPANGO DE RODRÍGUEZ
1738,21,163,TEPATLAXCO DE HIDALGO
1739,21,164,TEPEACA
1740,21,165,TEPEMAXALCO
1741,21,166,TEPEOJUMA
1742,21,167,TEPETZINTLA
1743,21,168,TEPEXCO
1744,21,169,TEPEXI DE RODRÍGUEZ
1745,21,170,TEPEYAHUALCO
1746,21,171,TEPEYAHUALCO DE CUAUHTÉMOC
1747,21,172,TETELA DE OCAMPO
1748,21,173,TETELES DE AVILA CASTILLO
1749,21,174,TEZIUTLÁN
1750,21,175,TIANGUISMANALCO
1751,21,176,TILAPA
1752,21,177,TLACOTEPEC DE BENITO JUÁREZ
1753,21,178,TLACUILOTEPEC
1754,21,179,TLACHICHUCA
1755,21,180,TLAHUAPAN
1756,21,181,TLALTENANGO
1757,21,182,TLANEPANTLA
1758,21,183,TLAOLA
1759,21,184,TLAPACOYA
1760,21,185,TLAPANALÁ
1761,21,186,TLATLAUQUITEPEC
1762,21,187,TLAXCO
1763,21,188,TOCHIMILCO
1764,21,189,TOCHTEPEC
1765,21,190,TOTOLTEPEC DE GUERRERO
1766,21,191,TULCINGO
1767,21,192,TUZAMAPAN DE GALEANA
1768,21,193,TZICATLACOYAN
1769,21,194,VENUSTIANO CARRANZA
1770,21,195,VICENTE GUERRERO
1771,21,196,XAYACATLÁN DE BRAVO
1772,21,197,XICOTEPEC
1773,21,198,XICOTLÁN
1774,21,199,XIUTETELCO
1775,21,200,XOCHIAPULCO
1776,21,201,XOCHILTEPEC
1777,21,202,XOCHITLÁN DE VICENTE SUÁREZ
1778,21,203,XOCHITLÁN TODOS SANTOS
1779,21,204,YAONÁHUAC
1780,21,205,YEHUALTEPEC
1781,21,206,ZACAPALA
1782,21,207,ZACAPOAXTLA
1783,21,208,ZACATLÁN
1784,21,209,ZAPOTITLÁN
1785,21,210,ZAPOTITLÁN DE MÉNDEZ
1786,21,211,ZARAGOZA
1787,21,212,ZAUTLA
1788,21,213,ZIHUATEUTLA
1789,21,214,ZINACATEPEC
1790,21,215,ZONGOZOTLA
1791,21,216,ZOQUIAPAN
1792,21,217,ZOQUITLÁN
1793,22,001,AMEALCO DE BONFIL
1794,22,002,PINAL DE AMOLES
1795,22,003,ARROYO SECO
1796,22,004,CADEREYTA DE MONTES
1797,22,005,COLÓN
1798,22,006,CORREGIDORA
1799,22,007,EZEQUIEL MONTES
1800,22,008,HUIMILPAN
1801,22,009,JALPAN DE SERRA
1802,22,010,LANDA DE MATAMOROS
1803,22,011,EL MARQUÉS
1804,22,012,PEDRO ESCOBEDO
1805,22,013,PEÑAMILLER
1806,22,014,QUERÉTARO
1807,22,015,SAN JOAQUÍN
1808,22,016,SAN JUAN DEL RÍO
1809,22,017,TEQUISQUIAPAN
1810,22,018,TOLIMÁN
1811,23,001,COZUMEL
1812,23,002,FELIPE CARRILLO PUERTO
1813,23,003,ISLA MUJERES
1814,23,004,OTHÓN P. BLANCO
1815,23,005,BENITO JUÁREZ
1816,23,006,JOSÉ MARÍA MORELOS
1817,23,007,LÁZARO CÁRDENAS
1818,23,008,SOLIDARIDAD
1819,23,009,TULUM
1820,23,010,BACALAR
1821,23,011,PUERTO MORELOS
1822,24,001,AHUALULCO
1823,24,002,ALAQUINES
1824,24,003,AQUISMÓN
1825,24,004,ARMADILLO DE LOS INFANTE
1826,24,005,CÁRDENAS
1827,24,006,CATORCE
1828,24,007,CEDRAL
1829,24,008,CERRITOS
1830,24,009,CERRO DE SAN PEDRO
1831,24,010,CIUDAD DEL MAÍZ
1832,24,011,CIUDAD FERNÁNDEZ
1833,24,012,TANCANHUITZ
1834,24,013,CIUDAD VALLES
1835,24,014,COXCATLÁN
1836,24,015,CHARCAS
1837,24,016,EBANO
1838,24,017,GUADALCÁZAR
1839,24,018,HUEHUETLÁN
1840,24,019,LAGUNILLAS
1841,24,020,MATEHUALA
1842,24,021,MEXQUITIC DE CARMONA
1843,24,022,MOCTEZUMA
1844,24,023,RAYÓN
1845,24,024,RIOVERDE
1846,24,025,SALINAS
1847,24,026,SAN ANTONIO
1848,24,027,SAN CIRO DE ACOSTA
1849,24,028,SAN LUIS POTOSÍ
1850,24,029,SAN MARTÍN CHALCHICUAUTLA
1851,24,030,SAN NICOLÁS TOLENTINO
1852,24,031,SANTA CATARINA
1853,24,032,SANTA MARÍA DEL RÍO
1854,24,033,SANTO DOMINGO
1855,24,034,SAN VICENTE TANCUAYALAB
1856,24,035,SOLEDAD DE GRACIANO SÁNCHEZ
1857,24,036,TAMASOPO
1858,24,037,TAMAZUNCHALE
1859,24,038,TAMPACÁN
1860,24,039,TAMPAMOLÓN CORONA
1861,24,040,TAMUÍN
1862,24,041,TANLAJÁS
1863,24,042,TANQUIÁN DE ESCOBEDO
1864,24,043,TIERRA NUEVA
1865,24,044,VANEGAS
1866,24,045,VENADO
1867,24,046,VILLA DE ARRIAGA
1868,24,047,VILLA DE GUADALUPE
1869,24,048,VILLA DE LA PAZ
1870,24,049,VILLA DE RAMOS
1871,24,050,VILLA DE REYES
1872,24,051,VILLA HIDALGO
1873,24,052,VILLA JUÁREZ
1874,24,053,AXTLA DE TERRAZAS
1875,24,054,XILITLA
1876,24,055,ZARAGOZA
1877,24,056,VILLA DE ARISTA
1878,24,057,MATLAPA
1879,24,058,EL NARANJO
1880,25,001,AHOME
1881,25,002,ANGOSTURA
1882,25,003,BADIRAGUATO
1883,25,004,CONCORDIA
1884,25,005,COSALÁ
1885,25,006,CULIACÁN
1886,25,007,CHOIX
1887,25,008,ELOTA
1888,25,009,ESCUINAPA
1889,25,010,EL FUERTE
1890,25,011,GUASAVE
1891,25,012,MAZATLÁN
1892,25,013,MOCORITO
1893,25,014,ROSARIO
1894,25,015,SALVADOR ALVARADO
1895,25,016,SAN IGNACIO
1896,25,017,SINALOA
1897,25,018,NAVOLATO
1898,26,001,ACONCHI
1899,26,002,AGUA PRIETA
1900,26,003,ALAMOS
1901,26,004,ALTAR
1902,26,005,ARIVECHI
1903,26,006,ARIZPE
1904,26,007,ATIL
1905,26,008,BACADÉHUACHI
1906,26,009,BACANORA
1907,26,010,BACERAC
1908,26,011,BACOACHI
1909,26,012,BÁCUM
1910,26,013,BANÁMICHI
1911,26,014,BAVIÁCORA
1912,26,015,BAVISPE
1913,26,016,BENJAMÍN HILL
1914,26,017,CABORCA
1915,26,018,CAJEME
1916,26,019,CANANEA
1917,26,020,CARBÓ
1918,26,021,LA COLORADA
1919,26,022,CUCURPE
1920,26,023,CUMPAS
1921,26,024,DIVISADEROS
1922,26,025,EMPALME
1923,26,026,ETCHOJOA
1924,26,027,FRONTERAS
1925,26,028,GRANADOS
1926,26,029,GUAYMAS
1927,26,030,HERMOSILLO
1928,26,031,HUACHINERA
1929,26,032,HUÁSABAS
1930,26,033,HUATABAMPO
1931,26,034,HUÉPAC
1932,26,035,IMURIS
1933,26,036,MAGDALENA
1934,26,037,MAZATÁN
1935,26,038,MOCTEZUMA
1936,26,039,NACO
1937,26,040,NÁCORI CHICO
1938,26,041,NACOZARI DE GARCÍA
1939,26,042,NAVOJOA
1940,26,043,NOGALES
1941,26,044,ONAVAS
1942,26,045,OPODEPE
1943,26,046,OQUITOA
1944,26,047,PITIQUITO
1945,26,048,PUERTO PEÑASCO
1946,26,049,QUIRIEGO
1947,26,050,RAYÓN
1948,26,051,ROSARIO
1949,26,052,SAHUARIPA
1950,26,053,SAN FELIPE DE JESÚS
1951,26,054,SAN JAVIER
1952,26,055,SAN LUIS RÍO COLORADO
1953,26,056,SAN MIGUEL DE HORCASITAS
1954,26,057,SAN PEDRO DE LA CUEVA
1955,26,058,SANTA ANA
1956,26,059,SANTA CRUZ
1957,26,060,SÁRIC
1958,26,061,SOYOPA
1959,26,062,SUAQUI GRANDE
1960,26,063,TEPACHE
1961,26,064,TRINCHERAS
1962,26,065,TUBUTAMA
1963,26,066,URES
1964,26,067,VILLA HIDALGO
1965,26,068,VILLA PESQUEIRA
1966,26,069,YÉCORA
1967,26,070,GENERAL PLUTARCO ELÍAS CALLES
1968,26,071,BENITO JUÁREZ
1969,26,072,SAN IGNACIO RÍO MUERTO
1970,27,001,BALANCÁN
1971,27,002,CÁRDENAS
1972,27,003,CENTLA
1973,27,004,CENTRO
1974,27,005,COMALCALCO
1975,27,006,CUNDUACÁN
1976,27,007,EMILIANO ZAPATA
1977,27,008,HUIMANGUILLO
1978,27,009,JALAPA
1979,27,010,JALPA DE MÉNDEZ
1980,27,011,JONUTA
1981,27,012,MACUSPANA
1982,27,013,NACAJUCA
1983,27,014,PARAÍSO
1984,27,015,TACOTALPA
1985,27,016,TEAPA
1986,27,017,TENOSIQUE
1987,28,001,ABASOLO
1988,28,002,ALDAMA
1989,28,003,ALTAMIRA
1990,28,004,ANTIGUO MORELOS
1991,28,005,BURGOS
1992,28,006,BUSTAMANTE
1993,28,007,CAMARGO
1994,28,008,CASAS
1995,28,009,CIUDAD MADERO
1996,28,010,CRUILLAS
1997,28,011,GÓMEZ FARÍAS
1998,28,012,GONZÁLEZ
1999,28,013,GÜÉMEZ
2000,28,014,GUERRERO
2001,28,015,GUSTAVO DÍAZ ORDAZ
2002,28,016,HIDALGO
2003,28,017,JAUMAVE
2004,28,018,JIMÉNEZ
2005,28,019,LLERA
2006,28,020,MAINERO
2007,28,021,EL MANTE
2008,28,022,MATAMOROS
2009,28,023,MÉNDEZ
2010,28,024,MIER
2011,28,025,MIGUEL ALEMÁN
2012,28,026,MIQUIHUANA
2013,28,027,NUEVO LAREDO
2014,28,028,NUEVO MORELOS
2015,28,029,OCAMPO
2016,28,030,PADILLA
2017,28,031,PALMILLAS
2018,28,032,REYNOSA
2019,28,033,RÍO BRAVO
2020,28,034,SAN CARLOS
2021,28,035,SAN FERNANDO
2022,28,036,SAN NICOLÁS
2023,28,037,SOTO LA MARINA
2024,28,038,TAMPICO
2025,28,039,TULA
2026,28,040,VALLE HERMOSO
2027,28,041,VICTORIA
2028,28,042,VILLAGRÁN
2029,28,043,XICOTÉNCATL
2030,29,001,AMAXAC DE GUERRERO
2031,29,002,APETATITLÁN DE ANTONIO CARVAJAL
2032,29,003,ATLANGATEPEC
2033,29,004,ATLTZAYANCA
2034,29,005,APIZACO
2035,29,006,CALPULALPAN
2036,29,007,EL CARMEN TEQUEXQUITLA
2037,29,008,CUAPIAXTLA
2038,29,009,CUAXOMULCO
2039,29,010,CHIAUTEMPAN
2040,29,011,MUÑOZ DE DOMINGO ARENAS
2041,29,012,ESPAÑITA
2042,29,013,HUAMANTLA
2043,29,014,HUEYOTLIPAN
2044,29,015,IXTACUIXTLA DE MARIANO MATAMOROS
2045,29,016,IXTENCO
2046,29,017,MAZATECOCHCO DE JOSÉ MARÍA MORELOS
2047,29,018,CONTLA DE JUAN CUAMATZI
2048,29,019,TEPETITLA DE LARDIZÁBAL
2049,29,020,SANCTÓRUM DE LÁZARO CÁRDENAS
2050,29,021,NANACAMILPA DE MARIANO ARISTA
2051,29,022,ACUAMANALA DE MIGUEL HIDALGO
2052,29,023,NATÍVITAS
2053,29,024,PANOTLA
2054,29,025,SAN PABLO DEL MONTE
2055,29,026,SANTA CRUZ TLAXCALA
2056,29,027,TENANCINGO
2057,29,028,TEOLOCHOLCO
2058,29,029,TEPEYANCO
2059,29,030,TERRENATE
2060,29,031,TETLA DE LA SOLIDARIDAD
2061,29,032,TETLATLAHUCA
2062,29,033,TLAXCALA
2063,29,034,TLAXCO
2064,29,035,TOCATLÁN
2065,29,036,TOTOLAC
2066,29,037,ZILTLALTÉPEC DE TRINIDAD SÁNCHEZ SANTOS
2067,29,038,TZOMPANTEPEC
2068,29,039,XALOZTOC
2069,29,040,XALTOCAN
2070,29,041,PAPALOTLA DE XICOHTÉNCATL
2071,29,042,XICOHTZINCO
2072,29,043,YAUHQUEMEHCAN
2073,29,044,ZACATELCO
2074,29,045,BENITO JUÁREZ
2075,29,046,EMILIANO ZAPATA
2076,29,047,LÁZARO CÁRDENAS
2077,29,048,LA MAGDALENA TLALTELULCO
2078,29,049,SAN DAMIÁN TEXÓLOC
2079,29,050,SAN FRANCISCO TETLANOHCAN
2080,29,051,SAN JERÓNIMO ZACUALPAN
2081,29,052,SAN JOSÉ TEACALCO
2082,29,053,SAN JUAN HUACTZINCO
2083,29,054,SAN LORENZO AXOCOMANITLA
2084,29,055,SAN LUCAS TECOPILCO
2085,29,056,SANTA ANA NOPALUCAN
2086,29,057,SANTA APOLONIA TEACALCO
2087,29,058,SANTA CATARINA AYOMETLA
2088,29,059,SANTA CRUZ QUILEHTLA
2089,29,060,SANTA ISABEL XILOXOXTLA
2090,30,001,ACAJETE
2091,30,002,ACATLÁN
2092,30,003,ACAYUCAN
2093,30,004,ACTOPAN
2094,30,005,ACULA
2095,30,006,ACULTZINGO
2096,30,007,CAMARÓN DE TEJEDA
2097,30,008,ALPATLÁHUAC
2098,30,009,ALTO LUCERO DE GUTIÉRREZ BARRIOS
2099,30,010,ALTOTONGA
2100,30,011,ALVARADO
2101,30,012,AMATITLÁN
2102,30,013,NARANJOS AMATLÁN
2103,30,014,AMATLÁN DE LOS REYES
2104,30,015,ANGEL R. CABADA
2105,30,016,LA ANTIGUA
2106,30,017,APAZAPAN
2107,30,018,AQUILA
2108,30,019,ASTACINGA
2109,30,020,ATLAHUILCO
2110,30,021,ATOYAC
2111,30,022,ATZACAN
2112,30,023,ATZALAN
2113,30,024,TLALTETELA
2114,30,025,AYAHUALULCO
2115,30,026,BANDERILLA
2116,30,027,BENITO JUÁREZ
2117,30,028,BOCA DEL RÍO
2118,30,029,CALCAHUALCO
2119,30,030,CAMERINO Z. MENDOZA
2120,30,031,CARRILLO PUERTO
2121,30,032,CATEMACO
2122,30,033,CAZONES DE HERRERA
2123,30,034,CERRO AZUL
2124,30,035,CITLALTÉPETL
2125,30,036,COACOATZINTLA
2126,30,037,COAHUITLÁN
2127,30,038,COATEPEC
2128,30,039,COATZACOALCOS
2129,30,040,COATZINTLA
2130,30,041,COETZALA
2131,30,042,COLIPA
2132,30,043,COMAPA
2133,30,044,CÓRDOBA
2134,30,045,COSAMALOAPAN DE CARPIO
2135,30,046,COSAUTLÁN DE CARVAJAL
2136,30,047,COSCOMATEPEC
2137,30,048,COSOLEACAQUE
2138,30,049,COTAXTLA
2139,30,050,COXQUIHUI
2140,30,051,COYUTLA
2141,30,052,CUICHAPA
2142,30,053,CUITLÁHUAC
2143,30,054,CHACALTIANGUIS
2144,30,055,CHALMA
2145,30,056,CHICONAMEL
2146,30,057,CHICONQUIACO
2147,30,058,CHICONTEPEC
2148,30,059,CHINAMECA
2149,30,060,CHINAMPA DE GOROSTIZA
2150,30,061,LAS CHOAPAS
2151,30,062,CHOCAMÁN
2152,30,063,CHONTLA
2153,30,064,CHUMATLÁN
2154,30,065,EMILIANO ZAPATA
2155,30,066,ESPINAL
2156,30,067,FILOMENO MATA
2157,30,068,FORTÍN
2158,30,069,GUTIÉRREZ ZAMORA
2159,30,070,HIDALGOTITLÁN
2160,30,071,HUATUSCO
2161,30,072,HUAYACOCOTLA
2162,30,073,HUEYAPAN DE OCAMPO
2163,30,074,HUILOAPAN DE CUAUHTÉMOC
2164,30,075,IGNACIO DE LA LLAVE
2165,30,076,ILAMATLÁN
2166,30,077,ISLA
2167,30,078,IXCATEPEC
2168,30,079,IXHUACÁN DE LOS REYES
2169,30,080,IXHUATLÁN DEL CAFÉ
2170,30,081,IXHUATLANCILLO
2171,30,082,IXHUATLÁN DEL SURESTE
2172,30,083,IXHUATLÁN DE MADERO
2173,30,084,IXMATLAHUACAN
2174,30,085,IXTACZOQUITLÁN
2175,30,086,JALACINGO
2176,30,087,XALAPA
2177,30,088,JALCOMULCO
2178,30,089,JÁLTIPAN
2179,30,090,JAMAPA
2180,30,091,JESÚS CARRANZA
2181,30,092,XICO
2182,30,093,JILOTEPEC
2183,30,094,JUAN RODRÍGUEZ CLARA
2184,30,095,JUCHIQUE DE FERRER
2185,30,096,LANDERO Y COSS
2186,30,097,LERDO DE TEJADA
2187,30,098,MAGDALENA
2188,30,099,MALTRATA
2189,30,100,MANLIO FABIO ALTAMIRANO
2190,30,101,MARIANO ESCOBEDO
2191,30,102,MARTÍNEZ DE LA TORRE
2192,30,103,MECATLÁN
2193,30,104,MECAYAPAN
2194,30,105,MEDELLÍN DE BRAVO
2195,30,106,MIAHUATLÁN
2196,30,107,LAS MINAS
2197,30,108,MINATITLÁN
2198,30,109,MISANTLA
2199,30,110,MIXTLA DE ALTAMIRANO
2200,30,111,MOLOACÁN
2201,30,112,NAOLINCO
2202,30,113,NARANJAL
2203,30,114,NAUTLA
2204,30,115,NOGALES
2205,30,116,OLUTA
2206,30,117,OMEALCA
2207,30,118,ORIZABA
2208,30,119,OTATITLÁN
2209,30,120,OTEAPAN
2210,30,121,OZULUAMA DE MASCAREÑAS
2211,30,122,PAJAPAN
2212,30,123,PÁNUCO
2213,30,124,PAPANTLA
2214,30,125,PASO DEL MACHO
2215,30,126,PASO DE OVEJAS
2216,30,127,LA PERLA
2217,30,128,PEROTE
2218,30,129,PLATÓN SÁNCHEZ
2219,30,130,PLAYA VICENTE
2220,30,131,POZA RICA DE HIDALGO
2221,30,132,LAS VIGAS DE RAMÍREZ
2222,30,133,PUEBLO VIEJO
2223,30,134,PUENTE NACIONAL
2224,30,135,RAFAEL DELGADO
2225,30,136,RAFAEL LUCIO
2226,30,137,LOS REYES
2227,30,138,RÍO BLANCO
2228,30,139,SALTABARRANCA
2229,30,140,SAN ANDRÉS TENEJAPAN
2230,30,141,SAN ANDRÉS TUXTLA
2231,30,142,SAN JUAN EVANGELISTA
2232,30,143,SANTIAGO TUXTLA
2233,30,144,SAYULA DE ALEMÁN
2234,30,145,SOCONUSCO
2235,30,146,SOCHIAPA
2236,30,147,SOLEDAD ATZOMPA
2237,30,148,SOLEDAD DE DOBLADO
2238,30,149,SOTEAPAN
2239,30,150,TAMALÍN
2240,30,151,TAMIAHUA
2241,30,152,TAMPICO ALTO
2242,30,153,TANCOCO
2243,30,154,TANTIMA
2244,30,155,TANTOYUCA
2245,30,156,TATATILA
2246,30,157,CASTILLO DE TEAYO
2247,30,158,TECOLUTLA
2248,30,159,TEHUIPANGO
2249,30,160,ÁLAMO TEMAPACHE
2250,30,161,TEMPOAL
2251,30,162,TENAMPA
2252,30,163,TENOCHTITLÁN
2253,30,164,TEOCELO
2254,30,165,TEPATLAXCO
2255,30,166,TEPETLÁN
2256,30,167,TEPETZINTLA
2257,30,168,TEQUILA
2258,30,169,JOSÉ AZUETA
2259,30,170,TEXCATEPEC
2260,30,171,TEXHUACÁN
2261,30,172,TEXISTEPEC
2262,30,173,TEZONAPA
2263,30,174,TIERRA BLANCA
2264,30,175,TIHUATLÁN
2265,30,176,TLACOJALPAN
2266,30,177,TLACOLULAN
2267,30,178,TLACOTALPAN
2268,30,179,TLACOTEPEC DE MEJÍA
2269,30,180,TLACHICHILCO
2270,30,181,TLALIXCOYAN
2271,30,182,TLALNELHUAYOCAN
2272,30,183,TLAPACOYAN
2273,30,184,TLAQUILPA
2274,30,185,TLILAPAN
2275,30,186,TOMATLÁN
2276,30,187,TONAYÁN
2277,30,188,TOTUTLA
2278,30,189,TUXPAN
2279,30,190,TUXTILLA
2280,30,191,URSULO GALVÁN
2281,30,192,VEGA DE ALATORRE
2282,30,193,VERACRUZ
2283,30,194,VILLA ALDAMA
2284,30,195,XOXOCOTLA
2285,30,196,YANGA
2286,30,197,YECUATLA
2287,30,198,ZACUALPAN
2288,30,199,ZARAGOZA
2289,30,200,ZENTLA
2290,30,201,ZONGOLICA
2291,30,202,ZONTECOMATLÁN DE LÓPEZ Y FUENTES
2292,30,203,ZOZOCOLCO DE HIDALGO
2293,30,204,AGUA DULCE
2294,30,205,EL HIGO
2295,30,206,NANCHITAL DE LÁZARO CÁRDENAS DEL RÍO
2296,30,207,TRES VALLES
2297,30,208,CARLOS A. CARRILLO
2298,30,209,TATAHUICAPAN DE JUÁREZ
2299,30,210,UXPANAPA
2300,30,211,SAN RAFAEL
2301,30,212,SANTIAGO SOCHIAPAN
2302,31,001,ABALÁ
2303,31,002,ACANCEH
2304,31,003,AKIL
2305,31,004,BACA
2306,31,005,BOKOBÁ
2307,31,006,BUCTZOTZ
2308,31,007,CACALCHÉN
2309,31,008,CALOTMUL
2310,31,009,CANSAHCAB
2311,31,010,CANTAMAYEC
2312,31,011,CELESTÚN
2313,31,012,CENOTILLO
2314,31,013,CONKAL
2315,31,014,CUNCUNUL
2316,31,015,CUZAMÁ
2317,31,016,CHACSINKÍN
2318,31,017,CHANKOM
2319,31,018,CHAPAB
2320,31,019,CHEMAX
2321,31,020,CHICXULUB PUEBLO
2322,31,021,CHICHIMILÁ
2323,31,022,CHIKINDZONOT
2324,31,023,CHOCHOLÁ
2325,31,024,CHUMAYEL
2326,31,025,DZÁN
2327,31,026,DZEMUL
2328,31,027,DZIDZANTÚN
2329,31,028,DZILAM DE BRAVO
2330,31,029,DZILAM GONZÁLEZ
2331,31,030,DZITÁS
2332,31,031,DZONCAUICH
2333,31,032,ESPITA
2334,31,033,HALACHÓ
2335,31,034,HOCABÁ
2336,31,035,HOCTÚN
2337,31,036,HOMÚN
2338,31,037,HUHÍ
2339,31,038,HUNUCMÁ
2340,31,039,IXIL
2341,31,040,IZAMAL
2342,31,041,KANASÍN
2343,31,042,KANTUNIL
2344,31,043,KAUA
2345,31,044,KINCHIL
2346,31,045,KOPOMÁ
2347,31,046,MAMA
2348,31,047,MANÍ
2349,31,048,MAXCANÚ
2350,31,049,MAYAPÁN
2351,31,050,MÉRIDA
2352,31,051,MOCOCHÁ
2353,31,052,MOTUL
2354,31,053,MUNA
2355,31,054,MUXUPIP
2356,31,055,OPICHÉN
2357,31,056,OXKUTZCAB
2358,31,057,PANABÁ
2359,31,058,PETO
2360,31,059,PROGRESO
2361,31,060,QUINTANA ROO
2362,31,061,RÍO LAGARTOS
2363,31,062,SACALUM
2364,31,063,SAMAHIL
2365,31,064,SANAHCAT
2366,31,065,SAN FELIPE
2367,31,066,SANTA ELENA
2368,31,067,SEYÉ
2369,31,068,SINANCHÉ
2370,31,069,SOTUTA
2371,31,070,SUCILÁ
2372,31,071,SUDZAL
2373,31,072,SUMA
2374,31,073,TAHDZIÚ
2375,31,074,TAHMEK
2376,31,075,TEABO
2377,31,076,TECOH
2378,31,077,TEKAL DE VENEGAS
2379,31,078,TEKANTÓ
2380,31,079,TEKAX
2381,31,080,TEKIT
2382,31,081,TEKOM
2383,31,082,TELCHAC PUEBLO
2384,31,083,TELCHAC PUERTO
2385,31,084,TEMAX
2386,31,085,TEMOZÓN
2387,31,086,TEPAKÁN
2388,31,087,TETIZ
2389,31,088,TEYA
2390,31,089,TICUL
2391,31,090,TIMUCUY
2392,31,091,TINUM
2393,31,092,TIXCACALCUPUL
2394,31,093,TIXKOKOB
2395,31,094,TIXMEHUAC
2396,31,095,TIXPÉHUAL
2397,31,096,TIZIMÍN
2398,31,097,TUNKÁS
2399,31,098,TZUCACAB
2400,31,099,UAYMA
2401,31,100,UCÚ
2402,31,101,UMÁN
2403,31,102,VALLADOLID
2404,31,103,XOCCHEL
2405,31,104,YAXCABÁ
2406,31,105,YAXKUKUL
2407,31,106,YOBAÍN
2408,32,001,APOZOL
2409,32,002,APULCO
2410,32,003,ATOLINGA
2411,32,004,BENITO JUÁREZ
2412,32,005,CALERA
2413,32,006,CAÑITAS DE FELIPE PESCADOR
2414,32,007,CONCEPCIÓN DEL ORO
2415,32,008,CUAUHTÉMOC
2416,32,009,CHALCHIHUITES
2417,32,010,FRESNILLO
2418,32,011,TRINIDAD GARCÍA DE LA CADENA
2419,32,012,GENARO CODINA
2420,32,013,GENERAL ENRIQUE ESTRADA
2421,32,014,GENERAL FRANCISCO R. MURGUÍA
2422,32,015,EL PLATEADO DE JOAQUÍN AMARO
2423,32,016,GENERAL PÁNFILO NATERA
2424,32,017,GUADALUPE
2425,32,018,HUANUSCO
2426,32,019,JALPA
2427,32,020,JEREZ
2428,32,021,JIMÉNEZ DEL TEUL
2429,32,022,JUAN ALDAMA
2430,32,023,JUCHIPILA
2431,32,024,LORETO
2432,32,025,LUIS MOYA
2433,32,026,MAZAPIL
2434,32,027,MELCHOR OCAMPO
2435,32,028,MEZQUITAL DEL ORO
2436,32,029,MIGUEL AUZA
2437,32,030,MOMAX
2438,32,031,MONTE ESCOBEDO
2439,32,032,MORELOS
2440,32,033,MOYAHUA DE ESTRADA
2441,32,034,NOCHISTLÁN DE MEJÍA
2442,32,035,NORIA DE ÁNGELES
2443,32,036,OJOCALIENTE
2444,32,037,PÁNUCO
2445,32,038,PINOS
2446,32,039,RÍO GRANDE
2447,32,040,SAIN ALTO
2448,32,041,EL SALVADOR
2449,32,042,SOMBRERETE
2450,32,043,SUSTICACÁN
2451,32,044,TABASCO
2452,32,045,TEPECHITLÁN
2453,32,046,TEPETONGO
2454,32,047,TEÚL DE GONZÁLEZ ORTEGA
2455,32,048,TLALTENANGO DE SÁNCHEZ ROMÁN
2456,32,049,VALPARAÍSO
2457,32,050,VETAGRANDE
2458,32,051,VILLA DE COS
2459,32,052,VILLA GARCÍA
2460,32,053,VILLA GONZÁLEZ ORTEGA
2461,32,054,VILLA HIDALGO
2462,32,055,VILLANUEVA
2463,32,056,ZACATECAS
2464,32,057,TRANCOSO
2465,32,058,SANTA MARÍA DE LA PAZ
2466,99,999,NO ESPECIFICADO
2467,1,999,NO ESPECIFICADO
2468,2,999,NO ESPECIFICADO
2469,3,999,NO ESPECIFICADO
2470,4,999,NO ESPECIFICADO
2471,5,999,NO ESPECIFICADO
2472,6,999,NO ESPECIFICADO
2473,7,999,NO ESPECIFICADO
2474,8,999,NO ESPECIFICADO
2475,9,999,NO ESPECIFICADO
2476,10,999,NO ESPECIFICADO
2477,11,999,NO ESPECIFICADO
2478,12,999,NO ESPECIFICADO
2479,13,999,NO ESPECIFICADO
2480,14,999,NO ESPECIFICADO
2481,15,999,NO ESPECIFICADO
2482,16,999,NO ESPECIFICADO
2483,17,999,NO ESPECIFICADO
2484,18,999,NO ESPECIFICADO
2485,19,999,NO ESPECIFICADO
2486,20,999,NO ESPECIFICADO
2487,21,999,NO ESPECIFICADO
2488,22,999,NO ESPECIFICADO
2489,23,999,NO ESPECIFICADO
2490,24,999,NO ESPECIFICADO
2491,25,999,NO ESPECIFICADO
2492,26,999,NO ESPECIFICADO
2493,27,999,NO ESPECIFICADO
2494,28,999,NO ESPECIFICADO
2495,29,999,NO ESPECIFICADO
2496,30,999,NO ESPECIFICADO
2497,31,999,NO ESPECIFICADO
2498,32,999,NO ESPECIFICADO
